Person_ID,Died,Urban,Year,Month,Sex,Age
1,no,no,2010,12,female,39
2,yes,no,2009,3,male,83
3,yes,no,2010,2,male,60
4,yes,no,2011,1,male,73
5,no,no,2009,8,male,51
6,yes,no,2009,11,male,62
7,yes,no,2010,1,female,90
8,no,no,2010,10,male,54
9,yes,no,2010,7,male,66
10,no,no,2011,1,female,30
11,yes,no,2010,11,male,77
12,yes,no,2010,3,female,77
13,yes,no,2010,6,female,79
14,yes,no,2011,1,female,42
15,yes,no,2010,12,male,65
16,no,no,2009,2,female,56
17,no,no,2010,6,female,40
18,yes,no,2011,5,male,26
19,no,no,2011,3,male,52
20,yes,no,2011,7,female,54
21,yes,no,2010,12,female,56
22,yes,no,2011,2,female,35
23,no,no,2009,2,female,45
24,yes,no,2010,6,female,38
25,no,no,2009,5,male,29
26,yes,no,2011,7,male,80
27,yes,no,2011,8,female,59
28,no,no,2009,9,female,50
29,no,no,2010,4,male,89
30,no,no,2011,4,female,76
31,yes,no,2010,3,female,58
32,yes,no,2010,6,male,68
33,yes,no,2009,3,male,62
34,yes,no,2010,1,male,68
35,yes,no,2011,3,male,87
36,yes,no,2009,3,male,71
37,yes,no,2010,9,female,58
38,no,no,2009,6,male,35
39,yes,no,2009,10,male,49
40,yes,no,2010,7,female,58
41,no,no,2011,3,male,61
42,no,no,2010,9,male,48
43,yes,no,2009,2,female,56
44,no,no,2010,2,female,30
45,no,no,2011,7,female,50
46,yes,no,2010,2,male,77
47,yes,no,2010,6,male,55
48,yes,no,2010,3,male,24
49,yes,no,2009,7,male,57
50,yes,no,2009,10,male,75
51,no,no,2011,7,male,45
52,no,no,2010,2,female,42
53,yes,no,2010,8,female,65
54,yes,no,2009,8,male,76
55,no,no,2011,3,female,29
56,no,no,2010,1,female,81
57,yes,no,2011,10,male,67
58,yes,no,2011,10,female,57
59,yes,no,2009,2,female,62
60,yes,no,2010,2,female,46
61,yes,no,2011,11,male,69
62,yes,no,2011,10,female,30
63,no,no,2009,11,female,72
64,no,no,2009,3,male,30
65,yes,no,2011,4,male,56
66,yes,no,2009,12,female,77
67,no,no,2011,6,female,87
68,no,no,2009,10,male,58
69,no,no,2010,4,female,43
70,no,no,2009,12,male,21
71,no,no,2011,1,female,42
72,yes,no,2009,10,female,45
73,no,no,2009,4,female,44
74,no,no,2010,7,female,59
75,yes,no,2009,10,female,74
76,yes,no,2010,9,male,85
77,yes,no,2009,9,female,88
78,no,no,2011,9,male,43
79,no,no,2009,6,female,86
80,yes,no,2010,11,male,57
81,yes,no,2009,11,male,68
82,no,no,2010,3,female,51
83,no,no,2009,9,female,27
84,yes,no,2009,1,female,26
85,yes,no,2010,12,male,24
86,no,no,2010,11,male,28
87,yes,no,2009,11,female,28
88,yes,no,2010,3,female,83
89,yes,no,2009,5,female,46
90,yes,no,2009,6,female,39
91,yes,no,2009,1,male,67
92,no,no,2010,11,male,80
93,yes,no,2011,4,male,53
94,yes,no,2011,12,female,81
95,no,no,2010,4,male,25
96,yes,no,2011,10,male,54
97,yes,no,2011,10,male,56
98,yes,no,2011,6,male,90
99,yes,no,2010,6,male,59
100,yes,no,2009,12,female,76
101,yes,no,2011,9,male,32
102,no,no,2010,8,male,23
103,no,no,2010,7,female,28
104,no,no,2011,12,female,29
105,yes,no,2009,4,female,84
106,yes,no,2011,11,female,79
107,yes,no,2009,10,male,43
108,no,no,2009,6,female,55
109,yes,no,2011,8,male,69
110,yes,no,2009,4,male,76
111,yes,no,2011,2,female,65
112,yes,no,2011,1,female,77
113,no,no,2010,9,male,22
114,yes,no,2009,3,male,64
115,no,no,2011,4,male,46
116,yes,no,2009,12,female,83
117,yes,no,2009,10,male,48
118,yes,no,2010,7,female,73
119,yes,no,2011,8,male,30
120,yes,no,2011,7,male,40
121,yes,no,2009,1,male,40
122,no,no,2010,11,male,20
123,yes,no,2009,5,male,69
124,yes,no,2011,4,male,17
125,yes,no,2011,7,female,30
126,yes,no,2010,12,male,24
127,no,no,2009,1,female,28
128,no,no,2010,10,female,27
129,yes,no,2009,4,female,88
130,no,no,2010,4,male,22
131,no,no,2011,4,male,64
132,no,no,2010,10,male,30
133,yes,no,2011,4,female,48
134,yes,no,2010,2,male,39
135,yes,no,2011,10,female,59
136,yes,no,2009,11,male,56
137,no,no,2009,4,male,27
138,no,no,2011,6,male,54
139,yes,no,2010,10,male,45
140,yes,no,2011,12,male,69
141,no,no,2011,6,female,37
142,no,no,2010,7,female,34
143,no,no,2010,1,female,56
144,yes,no,2010,6,female,80
145,yes,no,2011,6,female,57
146,no,no,2011,8,male,50
147,yes,no,2009,7,male,27
148,no,no,2010,5,male,49
149,yes,no,2009,4,male,33
150,no,no,2009,6,male,79
151,no,no,2009,3,female,24
152,yes,no,2011,5,male,44
153,yes,no,2011,6,male,84
154,no,no,2011,6,male,85
155,no,no,2011,10,female,30
156,no,no,2010,5,female,29
157,no,no,2009,7,male,59
158,yes,no,2011,7,male,58
159,yes,no,2011,2,female,40
160,yes,no,2011,8,female,49
161,yes,no,2011,3,female,59
162,no,no,2009,6,female,25
163,yes,no,2011,8,male,39
164,no,no,2011,7,female,23
165,yes,no,2011,9,female,58
166,no,no,2009,7,female,56
167,no,no,2010,9,male,20
168,no,no,2010,8,female,48
169,yes,no,2009,7,female,69
170,yes,no,2011,5,male,82
171,yes,no,2010,7,female,53
172,yes,no,2011,3,male,47
173,no,no,2009,8,female,40
174,yes,no,2009,4,male,75
175,yes,no,2011,12,male,22
176,yes,no,2009,10,female,49
177,no,no,2009,7,female,48
178,yes,no,2009,7,female,46
179,yes,no,2011,2,female,59
180,yes,no,2010,12,female,46
181,yes,no,2010,4,male,60
182,yes,no,2011,2,female,66
183,yes,no,2011,12,female,25
184,yes,no,2011,8,female,43
185,no,no,2010,6,male,41
186,no,no,2009,3,male,58
187,no,no,2010,7,male,59
188,yes,no,2009,3,male,82
189,no,no,2009,6,female,39
190,no,no,2011,5,female,41
191,no,no,2010,9,female,24
192,no,no,2011,10,female,86
193,yes,no,2010,7,female,61
194,yes,no,2010,5,female,80
195,yes,no,2009,3,male,57
196,yes,no,2010,3,male,61
197,no,no,2011,12,female,28
198,no,no,2009,12,male,35
199,no,no,2011,9,male,21
200,no,no,2009,5,female,71
201,yes,no,2011,12,male,63
202,yes,no,2009,11,male,39
203,no,no,2011,9,male,73
204,yes,no,2010,12,male,24
205,no,no,2010,10,female,36
206,no,no,2011,1,male,62
207,no,no,2009,4,male,34
208,yes,no,2011,3,female,85
209,yes,no,2010,6,female,75
210,no,no,2010,4,female,31
211,yes,no,2010,8,male,80
212,yes,no,2010,4,male,60
213,yes,no,2011,2,male,54
214,yes,no,2011,9,female,79
215,yes,no,2010,5,female,67
216,yes,no,2010,9,female,88
217,yes,no,2010,2,male,79
218,no,no,2009,11,male,65
219,no,no,2010,7,male,49
220,no,no,2010,7,male,49
221,yes,no,2010,8,male,66
222,no,no,2009,6,female,38
223,yes,no,2011,5,male,78
224,no,no,2009,6,male,60
225,no,no,2009,12,female,26
226,no,no,2009,9,female,22
227,yes,no,2010,11,female,79
228,yes,no,2011,10,female,52
229,yes,no,2010,7,male,76
230,no,no,2010,8,female,33
231,no,no,2011,1,male,50
232,no,no,2010,5,female,57
233,yes,no,2010,8,female,32
234,yes,no,2011,10,female,92
235,no,no,2011,11,female,38
236,no,no,2011,6,male,38
237,no,no,2011,8,female,86
238,no,no,2009,1,female,89
239,no,no,2009,4,male,59
240,yes,no,2010,10,female,74
241,yes,no,2010,6,male,63
242,yes,no,2009,5,male,86
243,no,no,2011,2,female,51
244,no,no,2010,11,female,48
245,no,no,2009,10,female,41
246,no,no,2010,3,male,77
247,no,no,2010,4,male,56
248,yes,no,2010,5,female,79
249,yes,no,2011,3,female,82
250,no,no,2010,8,male,47
251,yes,no,2010,2,female,83
252,no,no,2011,5,female,20
253,no,no,2009,9,male,43
254,no,no,2009,4,female,84
255,yes,no,2011,6,male,79
256,no,no,2011,5,male,19
257,yes,no,2010,11,male,88
258,no,no,2009,4,female,43
259,no,no,2010,8,female,37
260,no,no,2009,2,male,55
261,no,no,2011,8,female,40
262,yes,no,2010,8,male,87
263,yes,no,2011,1,male,82
264,no,no,2011,11,male,82
265,yes,no,2011,4,male,49
266,yes,no,2011,2,male,86
267,yes,no,2011,5,male,92
268,yes,no,2010,9,male,66
269,yes,no,2009,1,male,65
270,yes,no,2011,1,female,89
271,yes,no,2011,2,female,75
272,no,no,2011,3,female,19
273,yes,no,2011,6,male,88
274,no,no,2011,5,male,46
275,yes,no,2011,11,male,73
276,yes,no,2011,6,female,85
277,yes,no,2011,8,female,48
278,no,no,2010,6,male,22
279,no,no,2011,4,male,58
280,no,no,2011,8,female,32
281,no,no,2009,12,male,29
282,yes,no,2011,10,male,76
283,yes,no,2011,1,male,60
284,yes,no,2009,4,male,54
285,yes,no,2011,6,male,81
286,no,no,2010,2,female,74
287,no,no,2011,9,male,67
288,no,no,2010,4,female,60
289,yes,no,2010,4,female,72
290,no,no,2009,4,male,75
291,yes,no,2009,7,male,57
292,yes,no,2010,12,male,84
293,yes,no,2010,9,male,73
294,no,no,2011,5,female,48
295,no,no,2011,8,female,73
296,yes,no,2009,5,female,79
297,no,no,2009,9,male,53
298,no,no,2010,11,male,54
299,no,no,2011,12,female,53
300,yes,no,2011,6,female,51
301,yes,no,2011,4,male,78
302,no,no,2011,8,male,50
303,no,no,2009,6,female,42
304,no,no,2009,12,female,52
305,yes,no,2010,4,male,60
306,yes,no,2010,1,male,62
307,yes,no,2010,4,male,71
308,yes,no,2010,5,male,62
309,yes,no,2010,8,female,61
310,yes,no,2010,6,male,100
311,no,no,2010,9,male,14
312,yes,no,2009,11,female,82
313,yes,no,2011,9,female,85
314,yes,no,2011,10,female,97
315,no,no,2011,5,male,60
316,no,no,2009,12,female,76
317,no,no,2010,5,male,46
318,no,no,2011,12,female,77
319,no,no,2009,11,female,46
320,yes,no,2010,4,male,85
321,no,no,2009,11,female,50
322,yes,no,2010,4,female,86
323,yes,no,2011,4,female,59
324,yes,no,2010,6,female,86
325,no,no,2011,3,male,42
326,no,no,2011,5,female,61
327,yes,no,2011,6,female,59
328,yes,no,2011,2,male,79
329,no,no,2010,9,male,53
330,yes,no,2010,1,female,88
331,no,no,2009,1,female,53
332,no,no,2010,10,male,59
333,yes,no,2010,3,female,84
334,yes,no,2010,4,male,70
335,no,no,2010,1,male,28
336,no,no,2011,9,male,27
337,no,no,2011,7,male,32
338,yes,no,2010,10,male,77
339,yes,no,2011,5,male,51
340,no,no,2009,2,female,79
341,no,no,2009,4,male,56
342,no,no,2011,7,female,41
343,no,no,2009,6,female,42
344,yes,no,2010,12,female,83
345,no,no,2011,12,female,86
346,no,no,2010,6,female,43
347,yes,no,2009,5,female,79
348,no,no,2010,11,male,57
349,yes,no,2011,10,female,83
350,yes,no,2010,11,male,72
351,yes,no,2011,3,male,85
352,no,yes,2010,5,female,25
353,no,yes,2011,7,female,20
354,no,yes,2009,4,female,24
355,yes,yes,2010,11,female,89
356,no,yes,2010,8,female,60
357,yes,yes,2010,10,female,45
358,no,yes,2009,9,female,19
359,yes,yes,2009,3,male,51
360,yes,yes,2009,3,male,51
361,no,yes,2010,7,male,38
362,yes,yes,2010,11,female,63
363,no,yes,2009,8,female,27
364,yes,yes,2011,4,female,45
365,yes,yes,2011,4,male,59
366,no,yes,2009,9,female,39
367,yes,yes,2011,6,female,64
368,yes,yes,2011,8,female,43
369,no,yes,2009,1,male,52
370,no,yes,2010,10,male,54
371,yes,yes,2011,4,male,72
372,no,yes,2009,10,female,52
373,no,yes,2009,5,male,25
374,no,yes,2011,4,female,26
375,no,yes,2011,7,male,19
376,no,yes,2011,2,male,29
377,yes,yes,2011,4,male,65
378,no,yes,2010,8,male,60
379,no,yes,2011,9,female,37
380,no,yes,2009,1,male,21
381,yes,yes,2010,7,female,47
382,no,yes,2009,6,male,41
383,no,yes,2011,11,male,30
384,yes,yes,2011,6,female,20
385,no,no,2010,6,male,45
386,no,no,2010,6,female,80
387,yes,no,2010,12,female,76
388,yes,no,2010,7,female,53
389,yes,no,2010,7,male,16
390,no,no,2010,7,male,16
391,yes,no,2010,5,male,54
392,yes,no,2010,7,female,61
393,no,no,2010,9,female,38
394,no,no,2010,1,female,60
395,yes,no,2010,8,female,29
396,no,no,2010,8,male,28
397,no,no,2010,2,male,21
398,no,no,2009,11,female,45
399,no,no,2011,10,female,43
400,no,no,2011,5,female,42
401,no,no,2011,5,female,29
402,no,no,2010,8,female,26
403,no,no,2009,10,female,21
404,yes,no,2011,5,male,64
405,no,no,2011,1,female,22
406,yes,no,2009,6,female,65
407,yes,no,2010,1,male,68
408,no,no,2010,6,female,78
409,no,no,2011,7,female,24
410,yes,no,2010,10,male,44
411,no,no,2011,7,male,55
412,no,no,2010,1,male,21
413,no,no,2010,7,female,26
414,no,no,2010,11,female,21
415,no,no,2011,7,female,21
416,no,no,2009,10,female,35
417,yes,no,2010,2,male,48
418,yes,no,2011,9,male,39
419,yes,no,2011,5,female,53
420,no,no,2010,2,male,25
421,yes,no,2010,12,male,21
422,no,no,2011,5,male,42
423,no,no,2011,11,male,56
424,no,no,2010,1,female,60
425,yes,no,2009,6,female,57
426,no,no,2010,6,female,19
427,yes,no,2009,5,male,52
428,no,no,2011,8,male,22
429,yes,no,2011,6,female,26
430,no,no,2011,9,female,33
431,yes,no,2010,9,female,67
432,no,no,2009,9,female,23
433,yes,no,2011,7,female,20
434,no,no,2010,5,male,71
435,yes,no,2009,8,female,55
436,yes,no,2010,10,female,66
437,yes,no,2010,1,female,60
438,yes,no,2009,4,female,44
439,yes,no,2011,6,female,28
440,yes,no,2009,1,male,52
441,yes,no,2009,6,female,74
442,yes,no,2009,6,male,31
443,yes,no,2011,2,male,44
444,yes,no,2010,9,female,41
445,no,no,2009,9,female,54
446,yes,no,2010,3,male,87
447,yes,no,2009,2,male,84
448,yes,no,2009,4,male,50
449,no,no,2011,9,male,56
450,yes,no,2009,6,male,31
451,yes,no,2010,9,male,69
452,no,no,2011,4,female,47
453,no,no,2010,4,male,67
454,yes,no,2010,6,male,51
455,no,no,2010,10,female,43
456,no,no,2011,6,female,30
457,yes,no,2010,3,male,75
458,yes,no,2011,9,male,62
459,yes,no,2011,4,male,74
460,no,no,2011,6,female,34
461,no,no,2011,8,female,25
462,no,no,2010,8,female,30
463,yes,no,2009,4,male,20
464,yes,no,2009,6,male,84
465,yes,no,2010,3,female,66
466,yes,no,2011,11,male,70
467,yes,no,2009,8,male,65
468,no,no,2010,6,male,35
469,yes,no,2010,12,female,30
470,yes,no,2011,1,female,78
471,no,no,2010,6,male,23
472,yes,no,2010,5,male,19
473,no,no,2010,9,female,47
474,yes,no,2010,4,female,64
475,yes,no,2009,8,female,86
476,yes,no,2011,12,male,57
477,yes,no,2011,5,male,68
478,no,no,2011,7,female,26
479,yes,no,2010,1,female,41
480,no,no,2011,6,male,35
481,no,no,2009,5,male,32
482,yes,no,2010,6,male,68
483,no,no,2010,9,male,27
484,no,no,2011,3,male,22
485,yes,no,2010,9,female,61
486,no,no,2009,7,female,20
487,yes,no,2009,1,male,21
488,no,no,2010,7,female,43
489,no,no,2009,9,male,60
490,no,no,2011,10,female,22
491,yes,no,2011,4,male,48
492,yes,no,2010,1,male,54
493,yes,no,2011,9,female,65
494,no,no,2009,7,female,39
495,no,no,2011,7,female,63
496,no,no,2010,8,female,80
497,no,no,2010,8,male,35
498,yes,no,2011,6,male,76
499,no,no,2010,10,female,37
500,yes,no,2011,10,male,42
501,yes,no,2011,10,male,53
502,yes,no,2009,10,male,67
503,yes,no,2011,11,female,68
504,yes,no,2011,6,male,77
505,no,no,2010,9,male,47
506,yes,no,2009,1,male,63
507,no,no,2010,8,female,19
508,no,no,2009,6,female,28
509,yes,no,2009,7,female,66
510,yes,no,2010,9,male,88
511,no,no,2009,9,female,87
512,no,no,2009,10,male,37
513,no,no,2009,7,male,25
514,no,no,2009,7,male,46
515,yes,no,2011,6,female,66
516,no,no,2011,6,female,67
517,no,no,2011,5,female,35
518,no,no,2010,10,male,20
519,no,no,2009,5,male,16
520,yes,no,2011,6,male,66
521,yes,no,2011,2,female,84
522,yes,no,2011,2,female,55
523,no,no,2009,11,female,28
524,yes,no,2010,1,female,76
525,no,no,2010,6,male,40
526,no,no,2010,8,female,26
527,yes,no,2009,7,female,46
528,no,no,2011,4,female,57
529,yes,no,2010,5,male,53
530,no,no,2010,5,male,89
531,yes,no,2010,7,female,92
532,yes,no,2010,7,female,92
533,yes,no,2010,4,male,84
534,no,no,2010,6,female,27
535,no,no,2010,9,male,54
536,yes,no,2010,4,male,67
537,no,no,2010,8,male,49
538,no,no,2010,2,female,88
539,no,no,2010,5,female,43
540,yes,no,2010,12,female,81
541,yes,no,2010,4,male,61
542,no,no,2010,8,female,25
543,no,no,2010,4,female,36
544,yes,no,2010,9,male,75
545,no,no,2010,2,female,79
546,yes,no,2010,3,male,43
547,no,no,2010,6,male,19
548,no,no,2010,7,male,25
549,no,no,2010,9,female,24
550,no,no,2010,1,female,62
551,yes,no,2010,7,female,52
552,yes,no,2010,12,female,24
553,yes,no,2010,11,male,26
554,yes,no,2010,3,male,58
555,no,no,2010,12,male,42
556,yes,no,2010,1,male,75
557,no,no,2010,12,female,46
558,no,no,2010,8,female,41
559,no,no,2010,10,male,21
560,no,no,2010,6,female,74
561,no,yes,2009,10,female,85
562,no,yes,2009,9,female,46
563,yes,yes,2011,11,male,26
564,yes,yes,2011,11,female,31
565,no,yes,2009,6,female,25
566,yes,yes,2011,8,male,64
567,no,yes,2011,7,female,74
568,no,yes,2009,11,male,52
569,yes,yes,2010,7,male,52
570,no,yes,2010,1,male,43
571,yes,yes,2010,10,female,63
572,no,yes,2010,8,female,35
573,no,yes,2009,5,female,39
574,yes,yes,2010,9,male,54
575,no,yes,2011,9,male,52
576,no,yes,2009,2,male,53
577,no,yes,2009,5,female,33
578,yes,yes,2011,10,male,29
579,yes,yes,2009,6,male,81
580,no,yes,2010,7,female,87
581,yes,yes,2009,4,female,51
582,no,yes,2010,1,female,28
583,yes,yes,2011,1,male,57
584,yes,yes,2011,11,male,67
585,yes,yes,2011,9,male,26
586,no,yes,2009,9,male,36
587,no,yes,2009,4,male,50
588,yes,yes,2009,2,male,21
589,no,yes,2009,2,female,22
590,yes,yes,2011,2,male,73
591,yes,yes,2010,10,female,27
592,no,yes,2011,1,female,24
593,yes,yes,2009,2,male,82
594,yes,yes,2010,9,male,38
595,yes,yes,2011,5,female,48
596,yes,yes,2011,6,male,64
597,no,yes,2009,8,female,25
598,no,yes,2010,3,female,26
599,yes,yes,2011,11,female,80
600,no,yes,2011,6,male,20
601,yes,yes,2011,4,female,44
602,no,yes,2010,8,female,28
603,yes,yes,2009,1,male,71
604,yes,yes,2009,7,female,58
605,yes,yes,2011,12,male,72
606,no,yes,2009,8,female,48
607,no,yes,2011,11,female,50
608,yes,yes,2011,6,male,31
609,yes,yes,2011,9,male,46
610,no,yes,2009,3,male,83
611,yes,yes,2010,5,female,81
612,no,yes,2009,1,female,45
613,no,yes,2011,6,male,37
614,yes,yes,2011,8,female,81
615,no,yes,2010,6,female,21
616,yes,yes,2011,10,male,69
617,yes,yes,2009,11,male,76
618,no,yes,2011,7,male,39
619,yes,yes,2010,5,male,21
620,no,yes,2009,5,female,20
621,no,yes,2010,4,male,31
622,yes,yes,2011,2,male,33
623,yes,yes,2011,11,male,29
624,yes,yes,2009,8,male,81
625,yes,yes,2011,5,female,70
626,yes,no,2011,9,female,48
627,no,no,2011,7,male,55
628,yes,no,2011,3,male,73
629,yes,no,2011,12,male,43
630,no,no,2009,6,female,76
631,no,no,2009,5,female,89
632,yes,no,2011,3,female,64
633,no,no,2011,9,male,59
634,no,no,2011,12,female,55
635,no,no,2010,9,female,56
636,no,no,2011,8,male,24
637,yes,no,2009,2,female,86
638,no,no,2010,6,female,60
639,no,no,2011,10,male,49
640,no,no,2009,5,female,31
641,no,no,2011,4,female,50
642,no,no,2009,5,female,25
643,yes,no,2011,9,female,86
644,no,no,2011,10,female,62
645,yes,no,2011,8,female,61
646,yes,no,2011,8,female,67
647,no,no,2009,1,female,85
648,no,no,2009,10,female,86
649,yes,no,2011,2,male,51
650,yes,no,2011,4,female,64
651,yes,no,2011,2,male,63
652,yes,no,2011,10,female,40
653,yes,no,2010,5,male,62
654,no,no,2009,10,female,54
655,yes,no,2009,8,male,21
656,yes,no,2010,1,female,88
657,yes,no,2011,1,male,16
658,yes,no,2009,5,female,61
659,yes,no,2009,4,male,72
660,yes,no,2010,8,male,86
661,yes,no,2011,11,female,50
662,no,no,2009,4,male,52
663,no,no,2011,7,female,32
664,yes,no,2010,9,female,84
665,no,no,2009,3,male,31
666,no,no,2011,10,male,41
667,no,no,2011,4,female,56
668,yes,no,2009,5,male,56
669,yes,no,2011,9,female,63
670,yes,no,2009,3,female,70
671,no,no,2009,10,female,38
672,yes,yes,2010,5,female,83
673,no,yes,2010,7,female,31
674,no,yes,2010,3,female,27
675,yes,yes,2010,5,female,78
676,yes,yes,2010,3,male,60
677,yes,yes,2010,2,female,57
678,no,no,2009,9,female,92
679,yes,no,2009,1,female,74
680,yes,no,2010,6,female,78
681,no,no,2010,7,male,61
682,yes,no,2011,8,male,71
683,yes,no,2010,6,male,85
684,yes,no,2009,12,male,80
685,yes,no,2010,5,male,63
686,no,no,2009,9,female,61
687,yes,no,2010,5,male,81
688,yes,no,2009,11,male,73
689,yes,no,2009,3,male,50
690,yes,no,2010,7,male,70
691,yes,no,2010,12,male,90
692,yes,no,2011,9,male,74
693,yes,no,2011,4,male,96
694,yes,no,2011,9,male,31
695,yes,no,2011,9,male,75
696,yes,no,2011,5,female,71
697,no,no,2010,5,male,53
698,yes,no,2010,8,male,51
699,yes,no,2010,3,male,73
700,no,no,2009,2,male,70
701,no,no,2011,7,female,32
702,yes,no,2009,7,male,53
703,yes,no,2009,9,male,82
704,yes,no,2009,11,male,58
705,yes,no,2009,12,male,80
706,yes,no,2009,11,male,58
707,no,no,2011,7,female,57
708,yes,no,2011,10,female,57
709,no,no,2010,6,male,55
710,no,no,2011,6,female,68
711,no,no,2009,4,male,40
712,no,no,2009,9,male,25
713,no,no,2009,11,female,84
714,no,no,2011,1,female,50
715,yes,no,2009,10,female,32
716,yes,no,2011,10,male,82
717,yes,no,2010,7,male,73
718,yes,no,2009,2,female,44
719,yes,no,2010,9,female,89
720,yes,no,2011,6,male,84
721,yes,no,2011,4,male,58
722,yes,no,2010,10,male,85
723,yes,no,2009,2,male,67
724,yes,no,2011,2,male,34
725,yes,no,2010,11,female,57
726,yes,no,2010,5,female,42
727,yes,no,2011,12,female,78
728,no,no,2011,10,male,61
729,yes,no,2011,8,male,24
730,no,no,2009,5,male,47
731,yes,no,2010,5,female,42
732,yes,no,2010,1,female,38
733,yes,no,2010,1,female,38
734,no,no,2009,9,female,35
735,yes,no,2010,10,female,66
736,no,no,2010,9,female,38
737,yes,no,2011,1,male,69
738,yes,no,2009,5,male,56
739,yes,no,2009,5,female,67
740,no,no,2009,5,female,70
741,yes,no,2011,6,male,40
742,yes,no,2010,3,female,54
743,no,no,2009,5,female,50
744,no,no,2011,5,female,59
745,yes,no,2011,10,female,58
746,yes,no,2011,1,male,73
747,no,no,2011,11,male,26
748,no,no,2011,8,male,45
749,yes,no,2010,2,male,65
750,no,no,2010,11,female,32
751,yes,no,2009,12,female,40
752,yes,no,2010,1,female,40
753,yes,no,2011,5,female,59
754,yes,no,2011,1,male,67
755,yes,no,2010,6,female,86
756,yes,no,2009,5,female,77
757,no,no,2009,6,female,46
758,yes,no,2009,4,male,44
759,yes,no,2009,6,female,23
760,yes,no,2010,4,male,81
761,no,no,2009,6,female,50
762,yes,no,2009,4,male,64
763,no,no,2009,7,female,42
764,yes,no,2009,6,male,81
765,no,no,2011,1,female,24
766,no,no,2009,6,male,49
767,yes,no,2010,5,female,47
768,no,no,2011,2,female,40
769,no,no,2010,4,female,27
770,no,no,2009,5,female,28
771,yes,no,2010,7,female,56
772,no,no,2011,3,male,25
773,no,no,2009,9,male,46
774,no,no,2010,11,male,17
775,no,no,2010,5,female,48
776,no,no,2011,8,male,48
777,no,no,2010,5,female,41
778,no,no,2010,3,female,26
779,no,no,2010,7,female,23
780,yes,no,2011,10,male,49
781,yes,no,2011,9,female,27
782,no,no,2010,11,female,36
783,no,no,2011,6,female,29
784,no,no,2009,7,male,68
785,yes,no,2011,11,female,88
786,yes,no,2009,7,male,48
787,no,no,2009,7,male,82
788,yes,no,2011,9,female,74
789,no,no,2009,8,female,55
790,no,no,2011,11,male,43
791,no,no,2009,6,female,28
792,no,no,2009,9,female,67
793,yes,no,2010,5,male,54
794,no,no,2010,8,female,35
795,yes,no,2009,4,male,64
796,yes,no,2010,11,female,78
797,yes,no,2011,4,female,76
798,no,no,2009,9,male,44
799,yes,no,2010,6,male,59
800,yes,no,2009,1,male,51
801,yes,no,2011,3,female,54
802,no,no,2009,12,female,23
803,yes,no,2010,10,male,59
804,yes,no,2009,3,male,48
805,no,no,2009,10,female,67
806,no,no,2010,5,male,71
807,yes,no,2011,9,female,48
808,no,no,2010,5,male,29
809,yes,no,2011,3,female,50
810,yes,no,2009,7,female,25
811,yes,no,2011,9,female,30
812,no,no,2010,4,female,41
813,yes,no,2010,7,female,55
814,no,no,2010,3,male,41
815,no,no,2009,10,male,45
816,yes,no,2011,11,female,45
817,no,no,2011,1,female,28
818,yes,no,2010,2,male,44
819,no,no,2011,7,female,47
820,no,no,2011,8,female,50
821,yes,no,2011,6,female,56
822,no,no,2010,6,female,26
823,no,no,2011,5,female,32
824,yes,no,2011,2,female,77
825,no,no,2010,8,female,16
826,yes,no,2011,6,female,57
827,no,no,2011,8,female,69
828,no,no,2011,8,female,26
829,yes,no,2009,10,female,59
830,no,no,2009,3,male,48
831,no,no,2011,8,female,26
832,no,no,2011,11,male,54
833,no,no,2009,9,female,78
834,yes,no,2010,12,male,62
835,no,no,2011,6,female,24
836,no,no,2010,1,male,21
837,no,no,2010,2,male,28
838,yes,no,2009,10,female,64
839,yes,no,2011,9,female,49
840,no,no,2010,8,male,25
841,yes,no,2009,5,male,75
842,no,no,2011,11,female,23
843,yes,no,2009,6,male,25
844,no,no,2011,9,female,22
845,no,no,2009,9,male,24
846,yes,no,2011,1,female,61
847,no,no,2010,8,female,27
848,no,no,2011,3,female,43
849,no,no,2009,12,male,31
850,no,no,2011,5,male,26
851,no,no,2010,4,male,35
852,no,no,2011,11,female,35
853,yes,no,2010,3,male,58
854,yes,no,2009,11,male,78
855,yes,no,2011,10,female,32
856,no,no,2009,10,female,21
857,yes,no,2011,6,female,42
858,yes,no,2010,10,male,84
859,no,no,2009,11,male,61
860,no,no,2009,9,female,56
861,yes,no,2009,2,female,89
862,no,no,2011,2,male,32
863,yes,no,2010,3,male,28
864,yes,no,2009,5,female,70
865,yes,no,2011,9,male,59
866,no,no,2009,2,male,43
867,no,no,2011,7,female,28
868,yes,no,2009,3,male,76
869,yes,no,2010,10,female,68
870,yes,no,2009,10,male,35
871,no,no,2010,2,male,18
872,no,no,2009,12,male,18
873,yes,no,2010,10,male,65
874,yes,no,2011,5,female,29
875,no,no,2011,2,female,40
876,yes,no,2011,12,female,22
877,no,no,2009,7,male,28
878,no,no,2011,8,male,60
879,yes,no,2010,8,male,67
880,no,no,2011,10,male,40
881,no,no,2011,10,female,54
882,no,no,2010,9,female,39
883,yes,no,2011,12,female,23
884,no,no,2010,6,female,50
885,no,no,2009,9,female,23
886,no,no,2011,5,female,58
887,yes,no,2010,2,female,95
888,yes,no,2011,5,female,64
889,no,no,2011,10,male,48
890,no,no,2010,6,female,56
891,yes,no,2009,5,female,56
892,no,no,2011,8,male,25
893,no,no,2011,2,female,75
894,no,no,2011,9,female,20
895,no,yes,2009,4,female,13
896,yes,yes,2010,2,male,76
897,no,yes,2009,7,male,48
898,no,yes,2009,11,female,41
899,no,yes,2009,12,male,72
900,no,yes,2009,2,male,42
901,no,yes,2010,6,male,51
902,yes,yes,2010,5,male,88
903,no,yes,2011,3,female,56
904,yes,yes,2010,12,male,30
905,no,yes,2009,6,female,33
906,no,yes,2009,10,female,30
907,no,yes,2011,9,female,16
908,yes,yes,2010,6,female,78
909,yes,yes,2009,1,male,74
910,no,yes,2009,5,female,30
911,yes,yes,2011,5,male,56
912,no,yes,2011,10,female,39
913,no,yes,2011,1,male,36
914,no,yes,2011,11,female,17
915,no,yes,2010,11,male,65
916,yes,yes,2009,5,female,72
917,no,yes,2011,8,female,33
918,yes,yes,2010,9,female,75
919,no,yes,2009,5,male,16
920,yes,yes,2010,6,male,57
921,no,yes,2010,3,female,75
922,no,yes,2011,8,female,64
923,yes,yes,2009,2,male,40
924,yes,yes,2010,4,female,63
925,no,yes,2009,11,male,48
926,no,yes,2010,6,female,40
927,no,yes,2010,1,female,40
928,no,yes,2009,6,female,57
929,no,yes,2009,8,male,68
930,yes,yes,2011,6,male,19
931,no,yes,2009,9,female,50
932,no,yes,2010,2,male,24
933,yes,yes,2009,6,female,52
934,no,yes,2011,8,male,30
935,no,yes,2010,7,female,38
936,no,yes,2009,12,female,52
937,yes,yes,2010,1,male,30
938,yes,yes,2011,10,male,69
939,no,yes,2010,5,male,38
940,no,yes,2009,5,female,32
941,yes,yes,2010,12,female,81
942,no,yes,2011,1,female,24
943,no,yes,2010,1,male,43
944,no,yes,2011,5,female,58
945,yes,yes,2010,3,male,42
946,no,yes,2009,5,male,34
947,no,yes,2011,7,female,21
948,no,yes,2010,8,female,69
949,no,yes,2010,7,male,83
950,no,yes,2010,8,male,43
951,yes,yes,2011,5,male,36
952,yes,yes,2011,7,male,55
953,no,yes,2010,10,female,68
954,no,yes,2009,7,male,44
955,no,yes,2010,4,female,54
956,no,yes,2009,7,female,76
957,yes,yes,2010,7,female,63
958,no,yes,2010,4,male,23
959,no,yes,2009,10,female,49
960,no,yes,2009,10,female,37
961,yes,yes,2009,8,female,32
962,no,yes,2009,5,female,57
963,no,yes,2010,9,female,18
964,no,yes,2010,6,female,34
965,no,yes,2010,1,female,44
966,yes,yes,2010,11,female,88
967,no,yes,2009,5,female,31
968,yes,yes,2011,9,male,69
969,no,yes,2010,4,male,41
970,no,yes,2011,2,female,48
971,yes,yes,2011,11,male,27
972,no,yes,2009,9,female,45
973,no,yes,2009,7,female,41
974,no,yes,2011,1,male,33
975,no,yes,2010,3,female,40
976,yes,yes,2009,10,male,60
977,yes,yes,2011,1,female,20
978,no,no,2009,1,male,60
979,no,no,2009,4,male,43
980,yes,no,2010,4,female,67
981,yes,no,2010,4,female,67
982,yes,no,2011,7,female,87
983,yes,no,2010,4,male,67
984,no,no,2011,10,female,39
985,no,no,2010,9,female,50
986,no,no,2010,4,male,67
987,no,no,2010,2,male,25
988,yes,no,2011,5,male,79
989,yes,no,2010,5,female,81
990,yes,no,2009,9,female,72
991,yes,no,2011,12,male,68
992,yes,no,2009,4,female,65
993,no,no,2009,12,male,72
994,no,no,2010,11,female,62
995,no,no,2009,2,male,29
996,no,no,2009,3,female,87
997,yes,no,2009,12,male,43
998,no,no,2010,2,male,51
999,no,no,2011,6,male,22
1000,yes,no,2011,3,male,77
1001,no,no,2009,9,female,73
1002,yes,no,2010,5,female,47
1003,no,no,2009,8,female,63
1004,no,no,2009,9,female,82
1005,no,no,2010,1,male,18
1006,no,no,2009,9,female,17
1007,yes,no,2010,10,female,60
1008,no,no,2011,6,female,58
1009,no,no,2009,6,male,88
1010,no,no,2010,8,female,19
1011,no,no,2010,3,female,75
1012,yes,no,2009,8,female,54
1013,no,no,2011,1,female,37
1014,no,no,2009,4,female,65
1015,yes,no,2010,12,male,88
1016,no,no,2009,7,female,61
1017,yes,no,2010,4,female,63
1018,no,no,2009,11,male,48
1019,yes,no,2011,5,male,31
1020,no,no,2009,10,male,29
1021,no,no,2010,2,female,50
1022,yes,no,2010,10,male,71
1023,yes,no,2011,5,male,76
1024,no,no,2009,7,male,60
1025,yes,no,2009,9,female,60
1026,no,no,2009,6,female,62
1027,yes,no,2011,1,female,72
1028,no,no,2010,7,female,60
1029,no,no,2009,7,female,39
1030,no,no,2011,1,male,32
1031,yes,no,2010,7,male,68
1032,yes,no,2009,2,male,71
1033,yes,no,2009,2,male,70
1034,yes,no,2010,10,male,74
1035,yes,no,2010,4,female,84
1036,yes,no,2011,12,male,92
1037,no,no,2011,5,male,55
1038,yes,no,2011,3,male,91
1039,no,no,2009,3,male,28
1040,no,no,2011,6,female,68
1041,yes,no,2011,5,female,88
1042,no,no,2009,6,female,79
1043,no,no,2011,4,male,32
1044,no,no,2009,5,female,54
1045,yes,no,2011,12,male,39
1046,yes,no,2009,1,male,45
1047,no,no,2009,2,male,66
1048,yes,no,2011,3,male,69
1049,no,no,2010,2,male,24
1050,no,no,2009,8,male,77
1051,no,no,2010,5,male,38
1052,yes,no,2010,4,female,86
1053,no,no,2009,3,female,55
1054,no,no,2009,6,female,68
1055,yes,no,2009,6,male,75
1056,yes,no,2010,7,male,47
1057,yes,no,2011,3,male,82
1058,yes,no,2010,8,female,47
1059,no,no,2011,12,female,65
1060,no,no,2011,2,male,27
1061,no,no,2010,4,female,54
1062,no,no,2010,6,female,73
1063,no,no,2009,4,male,59
1064,no,no,2009,9,female,38
1065,yes,no,2010,3,female,84
1066,yes,no,2010,9,male,82
1067,no,no,2009,11,female,64
1068,no,no,2010,4,male,23
1069,yes,no,2009,8,male,48
1070,no,no,2010,1,male,30
1071,no,no,2010,5,female,43
1072,no,no,2009,8,male,45
1073,no,no,2010,6,female,34
1074,yes,no,2010,7,male,61
1075,yes,no,2010,6,male,61
1076,no,no,2010,4,male,41
1077,no,no,2009,8,female,49
1078,no,no,2009,4,male,31
1079,no,no,2011,10,female,38
1080,no,no,2009,8,female,21
1081,no,no,2010,5,male,42
1082,no,no,2009,6,male,33
1083,no,no,2011,1,male,35
1084,no,no,2010,3,female,40
1085,yes,no,2010,8,female,81
1086,yes,no,2009,2,male,60
1087,no,no,2009,2,male,79
1088,yes,no,2010,3,male,82
1089,no,no,2009,7,male,58
1090,no,no,2009,6,male,24
1091,yes,no,2009,8,female,63
1092,yes,no,2009,8,female,71
1093,yes,no,2010,12,male,75
1094,yes,no,2010,3,male,71
1095,yes,no,2010,9,female,86
1096,no,no,2010,7,male,46
1097,yes,no,2011,10,male,88
1098,no,no,2011,4,male,62
1099,yes,no,2010,2,female,70
1100,no,no,2010,6,male,57
1101,no,no,2011,7,male,50
1102,yes,no,2009,5,male,75
1103,no,no,2009,9,male,50
1104,yes,no,2009,3,male,72
1105,yes,no,2010,4,female,69
1106,yes,no,2010,8,male,87
1107,no,no,2010,5,female,63
1108,yes,no,2010,3,male,79
1109,yes,no,2009,3,male,86
1110,no,no,2010,3,male,65
1111,yes,no,2009,2,male,45
1112,yes,no,2010,5,male,52
1113,no,no,2011,8,female,66
1114,yes,no,2011,6,female,61
1115,no,no,2009,8,female,51
1116,yes,no,2009,4,female,44
1117,yes,no,2010,12,female,68
1118,yes,no,2010,2,male,47
1119,yes,no,2010,12,male,78
1120,no,no,2010,1,female,50
1121,yes,no,2011,6,female,63
1122,no,no,2011,5,male,56
1123,yes,no,2010,9,male,35
1124,no,no,2011,5,female,61
1125,yes,no,2011,11,female,66
1126,yes,no,2010,7,female,50
1127,no,no,2011,1,male,35
1128,no,no,2010,1,female,41
1129,no,no,2010,2,female,50
1130,yes,no,2010,5,female,64
1131,no,no,2011,12,female,25
1132,yes,no,2011,9,male,58
1133,yes,no,2010,2,male,90
1134,yes,no,2010,7,male,70
1135,yes,no,2010,7,male,70
1136,yes,no,2010,1,female,63
1137,no,no,2009,12,female,78
1138,yes,no,2011,3,female,65
1139,no,no,2009,8,female,48
1140,no,no,2009,4,female,40
1141,no,no,2009,2,female,35
1142,no,no,2011,6,male,30
1143,no,no,2011,7,female,43
1144,no,no,2011,5,female,47
1145,yes,no,2011,3,female,85
1146,yes,no,2010,10,female,62
1147,no,no,2009,5,female,57
1148,yes,no,2010,12,female,65
1149,yes,no,2010,6,female,90
1150,no,no,2010,10,female,45
1151,no,no,2009,4,female,79
1152,no,no,2010,6,male,54
1153,no,no,2010,12,male,48
1154,yes,no,2011,3,male,61
1155,no,no,2009,11,male,37
1156,no,no,2009,6,female,62
1157,no,no,2009,8,female,22
1158,yes,no,2010,12,female,72
1159,no,no,2009,9,male,74
1160,no,no,2009,1,female,26
1161,yes,no,2010,6,female,59
1162,no,no,2010,8,male,70
1163,yes,no,2009,6,male,64
1164,no,no,2010,4,female,57
1165,yes,no,2009,6,male,87
1166,no,no,2009,11,male,47
1167,yes,no,2009,7,female,80
1168,no,no,2011,9,male,24
1169,no,no,2011,1,male,58
1170,yes,no,2010,11,male,60
1171,no,no,2009,11,female,24
1172,yes,no,2010,6,male,79
1173,yes,no,2011,5,male,69
1174,no,no,2011,2,male,70
1175,no,no,2011,4,male,28
1176,no,no,2010,2,female,57
1177,no,no,2009,10,female,29
1178,yes,no,2009,6,male,65
1179,yes,no,2009,6,male,65
1180,yes,no,2009,2,male,70
1181,yes,no,2010,5,male,76
1182,no,no,2010,5,female,43
1183,no,no,2009,8,male,46
1184,no,no,2009,2,male,21
1185,no,no,2009,8,male,34
1186,yes,no,2010,5,male,62
1187,no,no,2010,6,female,32
1188,yes,no,2010,4,female,57
1189,yes,no,2010,8,female,63
1190,yes,no,2009,5,male,70
1191,no,no,2010,2,male,47
1192,no,no,2009,12,female,37
1193,yes,no,2011,6,male,63
1194,no,no,2011,8,female,42
1195,yes,no,2011,1,female,75
1196,yes,no,2011,11,male,84
1197,yes,no,2011,7,male,57
1198,yes,no,2009,7,male,63
1199,yes,no,2011,3,male,79
1200,yes,no,2011,1,male,50
1201,no,no,2010,8,male,24
1202,yes,no,2011,6,male,49
1203,no,no,2011,2,female,81
1204,yes,no,2011,4,male,27
1205,no,no,2009,8,male,48
1206,yes,no,2009,12,female,33
1207,no,no,2011,1,female,35
1208,yes,no,2011,10,female,34
1209,no,no,2009,10,male,74
1210,yes,no,2009,1,female,41
1211,yes,no,2009,1,male,71
1212,no,no,2010,2,female,41
1213,yes,no,2010,10,female,74
1214,no,no,2011,10,female,25
1215,no,no,2010,8,female,42
1216,yes,no,2009,7,male,57
1217,yes,no,2009,1,male,68
1218,yes,no,2009,2,female,45
1219,yes,no,2009,2,male,55
1220,no,no,2010,9,female,48
1221,yes,no,2011,6,male,54
1222,no,no,2011,8,female,23
1223,no,no,2010,11,male,50
1224,yes,no,2009,9,female,31
1225,yes,no,2009,5,male,81
1226,yes,no,2010,3,female,76
1227,no,no,2011,2,male,28
1228,yes,no,2010,3,male,75
1229,yes,no,2011,9,female,37
1230,no,no,2011,8,female,38
1231,yes,no,2011,9,female,42
1232,yes,no,2009,1,male,40
1233,yes,no,2009,6,female,47
1234,yes,no,2009,7,female,42
1235,no,no,2011,7,male,31
1236,no,no,2011,9,male,25
1237,yes,no,2011,1,female,67
1238,yes,no,2010,11,male,56
1239,yes,no,2009,1,male,40
1240,yes,no,2011,4,male,70
1241,no,no,2011,9,male,28
1242,no,no,2011,10,female,78
1243,no,no,2009,8,female,38
1244,yes,no,2010,3,male,63
1245,yes,no,2009,4,female,74
1246,no,no,2010,2,female,40
1247,yes,no,2009,5,female,47
1248,yes,no,2011,7,female,27
1249,yes,no,2009,6,female,73
1250,yes,no,2010,8,female,70
1251,yes,no,2011,8,male,68
1252,no,no,2010,7,female,35
1253,yes,no,2009,7,female,58
1254,yes,no,2009,7,male,76
1255,no,no,2009,7,male,38
1256,yes,no,2010,3,male,83
1257,yes,no,2010,4,male,41
1258,yes,no,2011,10,female,66
1259,yes,no,2009,9,male,57
1260,yes,no,2011,1,male,66
1261,no,no,2009,6,male,27
1262,no,no,2010,7,female,33
1263,yes,no,2009,3,female,86
1264,no,no,2009,9,male,39
1265,yes,no,2010,3,male,53
1266,no,no,2009,1,female,32
1267,no,no,2011,7,male,35
1268,yes,no,2011,5,male,67
1269,no,no,2010,9,male,66
1270,no,no,2011,3,female,42
1271,yes,no,2009,5,female,26
1272,yes,no,2009,4,female,69
1273,yes,no,2011,4,female,80
1274,yes,no,2011,7,female,59
1275,yes,no,2011,12,male,60
1276,no,no,2009,6,male,58
1277,yes,no,2011,11,female,81
1278,yes,no,2010,7,female,84
1279,yes,no,2009,10,female,78
1280,yes,no,2011,2,female,48
1281,yes,no,2010,3,female,78
1282,yes,no,2010,5,male,60
1283,yes,no,2011,1,female,49
1284,no,no,2011,7,female,26
1285,no,no,2009,2,female,53
1286,yes,no,2010,7,female,65
1287,yes,no,2010,10,female,42
1288,yes,no,2010,8,male,66
1289,no,no,2010,6,female,44
1290,yes,no,2010,3,male,53
1291,yes,no,2010,2,male,42
1292,yes,no,2010,9,female,61
1293,yes,no,2010,5,male,63
1294,yes,no,2010,9,female,46
1295,yes,no,2010,5,male,40
1296,yes,no,2010,8,male,32
1297,yes,no,2010,6,female,41
1298,yes,no,2010,10,female,46
1299,yes,no,2010,6,female,55
1300,no,no,2010,7,male,66
1301,yes,no,2010,9,male,68
1302,yes,no,2010,7,female,82
1303,no,no,2010,4,female,48
1304,yes,no,2010,8,female,85
1305,yes,no,2010,3,male,75
1306,yes,no,2010,3,female,83
1307,no,no,2010,3,female,84
1308,yes,no,2010,2,female,79
1309,yes,no,2010,4,female,77
1310,no,no,2010,5,male,27
1311,no,no,2010,2,male,25
1312,yes,no,2010,8,female,64
1313,no,no,2010,5,female,39
1314,no,no,2010,2,female,57
1315,no,no,2010,1,male,52
1316,no,no,2010,8,male,77
1317,no,no,2010,1,male,41
1318,no,no,2010,7,male,39
1319,yes,no,2010,7,male,75
1320,yes,no,2010,2,female,82
1321,yes,no,2010,11,male,58
1322,yes,no,2010,4,male,83
1323,yes,no,2010,4,male,50
1324,yes,no,2010,2,female,59
1325,yes,no,2010,4,female,75
1326,yes,no,2010,8,female,62
1327,yes,no,2010,1,female,71
1328,no,no,2010,1,male,69
1329,yes,no,2010,1,male,68
1330,yes,no,2010,8,female,83
1331,no,no,2010,9,female,43
1332,yes,no,2009,6,female,64
1333,yes,no,2011,5,male,59
1334,yes,no,2009,3,male,61
1335,yes,no,2010,10,male,65
1336,no,no,2010,3,female,81
1337,no,no,2009,11,male,63
1338,yes,no,2011,6,male,72
1339,no,no,2011,9,male,76
1340,no,no,2011,1,female,24
1341,no,no,2009,6,female,42
1342,no,no,2009,3,female,66
1343,no,no,2009,7,male,47
1344,yes,no,2011,1,female,34
1345,yes,no,2011,12,female,23
1346,yes,no,2011,6,female,39
1347,no,no,2011,9,female,40
1348,no,no,2011,5,male,25
1349,no,no,2009,3,male,69
1350,no,no,2010,8,female,22
1351,yes,no,2010,1,female,75
1352,no,no,2011,5,male,51
1353,yes,no,2009,12,male,59
1354,no,no,2009,10,female,80
1355,no,no,2011,1,male,71
1356,no,no,2010,3,female,24
1357,no,no,2009,7,female,31
1358,no,no,2011,5,male,36
1359,yes,no,2009,9,male,74
1360,no,no,2010,8,male,60
1361,yes,no,2010,6,female,68
1362,no,no,2011,6,female,76
1363,yes,no,2011,5,male,63
1364,no,no,2011,11,female,33
1365,no,no,2010,1,female,52
1366,no,no,2011,8,female,28
1367,no,no,2010,7,female,56
1368,yes,no,2011,5,female,44
1369,no,no,2009,9,female,20
1370,no,no,2010,9,male,21
1371,yes,no,2011,12,male,68
1372,no,no,2009,4,male,37
1373,no,no,2009,3,female,23
1374,no,no,2011,4,female,67
1375,no,no,2011,2,male,22
1376,no,no,2010,10,female,31
1377,yes,no,2009,3,male,30
1378,no,no,2010,5,female,22
1379,yes,no,2009,3,female,55
1380,no,no,2009,4,female,29
1381,no,no,2010,2,female,26
1382,no,no,2009,1,female,28
1383,no,no,2010,11,female,27
1384,no,no,2009,10,female,39
1385,no,no,2011,7,female,27
1386,no,no,2010,1,female,57
1387,no,no,2009,12,female,46
1388,yes,no,2010,5,male,69
1389,yes,no,2011,5,female,42
1390,no,no,2009,6,female,22
1391,no,no,2010,8,male,49
1392,yes,no,2011,5,male,45
1393,no,no,2009,10,female,28
1394,yes,no,2011,7,female,24
1395,no,no,2009,10,female,31
1396,no,no,2009,4,female,44
1397,yes,no,2011,6,female,69
1398,no,no,2011,5,female,66
1399,no,no,2010,6,male,58
1400,no,no,2010,2,male,17
1401,yes,no,2010,11,male,40
1402,yes,no,2010,11,female,65
1403,yes,no,2010,5,male,20
1404,no,no,2011,11,female,78
1405,no,no,2011,10,female,47
1406,no,no,2010,10,female,47
1407,no,no,2011,5,male,56
1408,no,no,2009,11,female,71
1409,no,no,2011,7,female,21
1410,no,no,2010,12,female,76
1411,no,no,2009,9,male,51
1412,no,no,2009,7,female,34
1413,yes,no,2011,10,male,72
1414,yes,no,2011,9,male,74
1415,no,no,2011,2,female,25
1416,no,no,2011,5,female,46
1417,no,no,2009,9,female,36
1418,no,no,2011,6,female,43
1419,yes,no,2011,4,female,68
1420,no,no,2009,10,female,38
1421,no,no,2009,11,male,27
1422,yes,no,2010,3,female,75
1423,yes,no,2009,12,female,29
1424,no,no,2011,11,female,74
1425,no,no,2010,10,female,64
1426,yes,no,2009,8,female,72
1427,yes,no,2009,7,male,63
1428,yes,no,2009,3,male,55
1429,yes,no,2010,11,male,48
1430,yes,no,2010,9,female,72
1431,no,no,2010,7,female,30
1432,no,no,2010,7,male,38
1433,yes,no,2010,12,male,47
1434,no,no,2010,6,female,19
1435,yes,no,2010,1,male,69
1436,yes,no,2011,10,female,28
1437,no,no,2010,2,female,47
1438,no,no,2011,10,female,76
1439,no,no,2009,6,female,73
1440,yes,no,2009,2,male,76
1441,yes,no,2009,1,male,21
1442,no,no,2011,11,male,37
1443,no,no,2009,6,male,22
1444,yes,no,2011,2,male,57
1445,no,no,2010,10,female,55
1446,no,no,2011,8,female,72
1447,no,no,2009,1,male,57
1448,no,no,2009,12,female,23
1449,no,no,2011,8,male,43
1450,no,no,2010,1,male,17
1451,yes,no,2009,1,female,51
1452,yes,no,2011,8,female,82
1453,no,no,2009,12,male,42
1454,yes,no,2009,2,male,49
1455,no,no,2010,7,female,28
1456,yes,no,2010,5,female,53
1457,no,no,2010,9,male,43
1458,no,no,2010,11,male,59
1459,yes,no,2009,9,female,35
1460,no,no,2011,5,male,41
1461,no,no,2011,4,male,17
1462,no,no,2009,11,male,65
1463,no,no,2011,6,female,25
1464,no,no,2009,10,female,38
1465,no,no,2009,6,female,27
1466,no,no,2011,6,female,29
1467,no,no,2010,2,male,41
1468,no,no,2010,6,female,20
1469,no,no,2009,6,female,26
1470,yes,no,2011,9,female,56
1471,no,no,2011,6,male,29
1472,no,no,2009,6,male,83
1473,yes,no,2010,9,female,39
1474,no,no,2010,6,female,53
1475,yes,no,2011,5,female,46
1476,no,no,2009,3,male,26
1477,yes,no,2011,8,female,29
1478,no,no,2011,7,male,23
1479,no,no,2009,3,female,20
1480,no,no,2010,7,female,43
1481,no,no,2009,6,female,22
1482,no,no,2009,3,male,23
1483,no,no,2010,8,female,19
1484,yes,no,2010,10,female,32
1485,no,no,2009,9,male,70
1486,no,no,2010,9,female,22
1487,no,no,2010,11,male,57
1488,yes,no,2010,1,male,37
1489,no,no,2009,6,male,43
1490,yes,no,2010,4,male,55
1491,no,no,2009,2,female,74
1492,yes,no,2010,11,female,54
1493,yes,no,2011,6,female,51
1494,yes,no,2009,1,male,72
1495,no,no,2011,7,female,22
1496,no,no,2010,1,female,38
1497,no,no,2010,7,male,77
1498,no,no,2011,8,male,26
1499,no,no,2010,3,female,34
1500,no,no,2011,8,female,50
1501,no,no,2011,1,male,64
1502,yes,no,2010,6,male,75
1503,no,no,2011,8,male,46
1504,yes,no,2011,8,male,74
1505,no,no,2009,9,male,48
1506,yes,no,2011,4,male,72
1507,yes,no,2010,4,male,88
1508,yes,no,2011,5,male,78
1509,no,no,2011,2,female,42
1510,no,no,2010,6,male,49
1511,no,no,2009,5,male,52
1512,yes,no,2010,6,female,64
1513,no,no,2009,6,female,30
1514,yes,no,2010,9,male,19
1515,no,no,2009,2,female,57
1516,no,no,2010,5,female,73
1517,yes,no,2011,12,male,72
1518,yes,no,2009,8,female,82
1519,no,no,2011,4,female,65
1520,no,no,2009,8,female,53
1521,yes,no,2009,6,male,45
1522,yes,no,2011,5,male,53
1523,no,no,2011,5,male,21
1524,no,no,2010,5,female,46
1525,no,no,2011,8,male,90
1526,yes,no,2009,8,male,75
1527,no,no,2011,3,female,57
1528,no,no,2011,8,female,71
1529,no,no,2010,10,male,52
1530,yes,no,2010,6,female,53
1531,no,no,2009,2,male,65
1532,yes,no,2011,4,female,82
1533,yes,no,2009,5,male,70
1534,yes,no,2011,1,male,42
1535,yes,no,2010,1,female,69
1536,yes,no,2011,6,male,45
1537,yes,no,2011,3,female,50
1538,yes,no,2010,1,female,58
1539,yes,no,2009,12,male,60
1540,no,no,2009,6,female,65
1541,yes,no,2010,4,male,72
1542,yes,no,2010,1,female,72
1543,yes,no,2011,11,female,74
1544,no,no,2011,7,male,70
1545,yes,no,2011,12,male,31
1546,no,no,2011,2,male,44
1547,yes,no,2010,9,female,48
1548,yes,no,2009,7,female,47
1549,yes,no,2010,7,female,66
1550,yes,no,2010,5,male,51
1551,yes,no,2010,4,female,54
1552,yes,no,2010,6,male,68
1553,no,no,2009,7,female,30
1554,no,no,2010,1,male,85
1555,yes,no,2010,1,male,34
1556,yes,no,2009,8,female,41
1557,yes,no,2010,3,male,46
1558,yes,no,2009,1,male,84
1559,yes,no,2010,7,female,56
1560,yes,no,2009,3,female,71
1561,yes,no,2009,8,female,41
1562,no,no,2009,8,male,20
1563,no,no,2011,4,male,34
1564,yes,no,2010,2,male,82
1565,yes,no,2010,8,male,33
1566,yes,no,2009,10,male,69
1567,no,no,2009,1,female,45
1568,yes,no,2010,4,male,59
1569,yes,no,2010,7,male,77
1570,yes,no,2009,11,female,56
1571,yes,no,2010,10,female,48
1572,no,no,2009,8,male,43
1573,yes,no,2009,8,male,74
1574,no,no,2011,11,female,58
1575,no,no,2010,7,female,34
1576,no,no,2010,3,male,43
1577,yes,no,2010,5,male,73
1578,yes,no,2011,7,male,40
1579,yes,no,2011,6,female,49
1580,yes,no,2011,7,male,68
1581,yes,no,2011,5,male,67
1582,yes,no,2010,10,female,75
1583,yes,no,2011,3,male,47
1584,yes,no,2011,6,female,48
1585,no,no,2009,9,female,34
1586,no,no,2011,2,female,51
1587,no,no,2011,9,female,45
1588,yes,no,2011,4,male,73
1589,no,no,2011,4,male,21
1590,yes,no,2010,11,female,58
1591,yes,no,2010,5,male,37
1592,no,no,2011,1,male,32
1593,yes,no,2011,5,female,24
1594,yes,no,2010,10,female,38
1595,yes,no,2010,10,female,63
1596,no,no,2009,4,male,34
1597,no,no,2011,10,male,59
1598,no,no,2010,2,female,49
1599,no,no,2009,11,female,27
1600,no,no,2010,6,male,48
1601,yes,no,2010,9,female,41
1602,no,no,2011,1,male,81
1603,no,no,2009,9,female,58
1604,yes,no,2011,8,female,68
1605,yes,no,2010,11,female,82
1606,yes,no,2011,11,male,58
1607,yes,no,2010,2,male,74
1608,no,no,2011,5,female,24
1609,yes,no,2009,3,male,61
1610,no,no,2010,8,female,52
1611,no,no,2010,8,female,29
1612,no,no,2010,7,female,34
1613,no,no,2011,2,female,31
1614,no,no,2011,8,female,38
1615,no,no,2009,9,male,25
1616,no,no,2011,7,female,66
1617,no,no,2011,2,male,40
1618,no,no,2011,4,female,53
1619,no,no,2009,8,female,42
1620,no,no,2011,1,female,30
1621,no,no,2009,7,female,47
1622,no,no,2009,8,female,57
1623,no,no,2009,6,female,43
1624,no,no,2009,4,male,77
1625,no,no,2010,9,male,13
1626,no,no,2010,8,male,41
1627,no,no,2010,3,female,37
1628,yes,no,2011,12,female,75
1629,yes,no,2011,5,female,80
1630,no,no,2010,5,male,23
1631,no,no,2010,3,male,72
1632,no,no,2009,8,female,33
1633,yes,no,2011,4,female,39
1634,yes,no,2011,6,female,20
1635,yes,no,2011,2,male,42
1636,yes,no,2010,10,female,40
1637,no,no,2010,8,female,23
1638,no,no,2011,12,male,57
1639,no,no,2009,8,female,41
1640,no,no,2010,2,female,33
1641,no,no,2011,10,female,40
1642,no,no,2010,7,male,32
1643,yes,no,2010,5,male,77
1644,yes,no,2011,6,male,60
1645,yes,no,2010,2,female,46
1646,yes,no,2009,2,male,76
1647,no,no,2011,7,male,64
1648,no,no,2010,7,male,42
1649,yes,no,2010,1,male,83
1650,yes,no,2009,12,male,72
1651,yes,no,2009,3,male,71
1652,yes,no,2010,8,female,33
1653,no,no,2011,5,female,45
1654,yes,no,2011,10,female,74
1655,no,no,2010,8,male,77
1656,yes,no,2011,7,male,66
1657,yes,no,2009,2,female,63
1658,yes,no,2011,5,male,56
1659,no,no,2011,9,female,49
1660,yes,no,2009,5,male,52
1661,yes,no,2009,5,male,81
1662,no,no,2011,8,female,55
1663,yes,no,2010,1,male,54
1664,yes,no,2009,4,male,68
1665,yes,no,2011,4,female,48
1666,no,no,2009,12,male,12
1667,yes,no,2011,8,female,53
1668,no,no,2010,6,male,61
1669,yes,no,2011,1,female,54
1670,yes,no,2009,7,female,44
1671,no,no,2011,4,male,67
1672,no,no,2009,9,female,73
1673,yes,no,2011,7,female,47
1674,yes,no,2011,5,male,75
1675,no,yes,2010,5,female,40
1676,no,yes,2010,2,male,40
1677,yes,yes,2010,8,female,82
1678,yes,yes,2010,9,female,51
1679,yes,yes,2010,9,male,58
1680,yes,yes,2010,4,male,71
1681,no,yes,2010,4,female,33
1682,no,yes,2010,2,male,56
1683,no,yes,2010,3,male,57
1684,no,yes,2010,3,male,30
1685,no,yes,2010,6,male,22
1686,yes,yes,2010,3,female,54
1687,yes,yes,2010,3,female,54
1688,no,yes,2010,5,male,19
1689,yes,no,2010,6,female,75
1690,no,no,2010,6,male,23
1691,yes,no,2010,6,male,31
1692,yes,no,2010,4,female,80
1693,yes,no,2010,5,male,51
1694,yes,no,2010,6,female,65
1695,no,no,2010,1,male,58
1696,no,no,2010,1,male,74
1697,yes,no,2010,1,male,51
1698,no,no,2010,10,female,35
1699,yes,no,2010,4,female,57
1700,yes,no,2010,9,male,83
1701,yes,no,2010,7,male,43
1702,yes,no,2010,12,male,58
1703,yes,no,2010,4,male,85
1704,no,no,2009,9,male,55
1705,no,no,2010,5,female,56
1706,yes,no,2009,8,female,94
1707,yes,no,2010,2,male,77
1708,no,no,2010,7,female,65
1709,no,no,2009,6,female,55
1710,no,no,2011,6,female,28
1711,no,no,2011,10,female,48
1712,yes,no,2010,6,female,64
1713,yes,no,2010,2,male,55
1714,yes,no,2010,10,female,86
1715,yes,no,2011,7,male,69
1716,yes,no,2010,4,male,43
1717,no,no,2010,3,female,42
1718,no,no,2010,9,female,19
1719,no,no,2009,1,male,44
1720,no,no,2011,3,male,47
1721,no,no,2011,2,female,44
1722,no,no,2009,10,male,69
1723,yes,no,2009,6,male,88
1724,no,no,2011,9,male,54
1725,yes,no,2011,11,male,67
1726,yes,no,2011,6,male,80
1727,no,no,2010,3,female,49
1728,no,no,2010,3,female,49
1729,yes,no,2011,3,male,63
1730,no,no,2009,9,female,81
1731,yes,no,2011,4,female,56
1732,yes,no,2011,5,female,82
1733,no,no,2009,10,female,40
1734,no,no,2009,12,female,75
1735,yes,no,2011,9,female,27
1736,yes,no,2010,11,female,84
1737,yes,no,2009,2,female,83
1738,yes,no,2010,2,male,57
1739,no,no,2009,6,female,15
1740,yes,no,2011,7,male,70
1741,yes,no,2009,4,female,74
1742,yes,no,2011,6,female,78
1743,yes,no,2011,2,male,87
1744,yes,no,2010,1,female,85
1745,no,no,2011,1,female,31
1746,yes,no,2011,4,female,70
1747,yes,no,2010,6,male,67
1748,no,no,2010,6,male,33
1749,yes,no,2010,6,male,86
1750,yes,no,2009,5,male,98
1751,yes,no,2010,6,female,90
1752,no,no,2010,5,male,77
1753,yes,no,2011,7,male,75
1754,no,no,2011,7,male,74
1755,yes,no,2011,11,male,73
1756,yes,no,2011,7,male,74
1757,no,no,2009,6,female,42
1758,yes,no,2009,9,female,86
1759,no,no,2010,4,male,45
1760,yes,no,2010,5,female,81
1761,no,no,2010,1,male,30
1762,yes,no,2011,2,male,56
1763,yes,no,2009,5,male,75
1764,no,no,2010,1,male,46
1765,yes,no,2010,12,female,77
1766,yes,no,2010,8,female,77
1767,yes,no,2009,3,female,79
1768,yes,no,2010,8,female,78
1769,yes,no,2010,5,female,80
1770,yes,no,2009,8,female,83
1771,no,no,2009,8,female,42
1772,no,no,2009,10,male,32
1773,yes,no,2011,6,male,77
1774,yes,no,2011,7,male,79
1775,yes,no,2010,6,female,81
1776,yes,no,2010,4,male,60
1777,yes,no,2010,3,female,85
1778,no,no,2010,2,female,66
1779,yes,no,2010,2,female,68
1780,no,no,2010,6,female,39
1781,no,no,2010,1,female,41
1782,yes,no,2010,3,male,73
1783,yes,no,2010,1,female,76
1784,no,no,2010,7,female,47
1785,yes,no,2010,2,male,53
1786,no,no,2010,1,female,74
1787,no,no,2010,10,female,48
1788,no,no,2010,5,female,27
1789,no,no,2010,1,female,52
1790,no,no,2010,11,female,33
1791,no,no,2010,6,female,30
1792,no,no,2009,7,female,33
1793,yes,no,2009,10,female,60
1794,no,no,2009,5,female,25
1795,no,no,2009,7,male,70
1796,yes,no,2009,11,female,41
1797,yes,no,2009,2,female,65
1798,yes,no,2011,10,female,48
1799,yes,no,2009,1,female,36
1800,no,no,2010,2,male,52
1801,no,no,2011,5,female,41
1802,no,no,2010,8,male,25
1803,yes,no,2011,6,female,50
1804,yes,no,2011,5,female,76
1805,yes,no,2009,11,female,69
1806,yes,no,2011,5,female,50
1807,yes,no,2009,10,female,41
1808,yes,no,2011,5,male,73
1809,no,no,2010,2,female,55
1810,no,no,2010,8,female,39
1811,yes,no,2011,12,male,60
1812,yes,no,2009,7,male,57
1813,no,no,2010,8,male,34
1814,no,no,2011,3,female,40
1815,yes,no,2009,3,male,74
1816,no,no,2010,6,male,75
1817,no,no,2010,9,female,23
1818,no,no,2010,6,female,25
1819,yes,no,2009,3,female,51
1820,no,no,2011,5,male,50
1821,no,no,2010,4,female,24
1822,yes,no,2010,12,female,43
1823,yes,no,2010,11,male,59
1824,no,no,2009,3,male,51
1825,yes,no,2009,3,male,57
1826,no,no,2010,3,male,69
1827,yes,no,2011,5,male,75
1828,no,no,2011,7,female,32
1829,no,no,2010,1,female,29
1830,yes,no,2009,1,male,45
1831,yes,no,2009,8,female,64
1832,no,no,2011,10,male,26
1833,yes,no,2010,2,male,77
1834,no,no,2011,12,female,52
1835,yes,no,2009,11,female,84
1836,yes,no,2009,7,male,20
1837,no,no,2011,9,female,65
1838,no,no,2009,5,female,74
1839,no,no,2011,5,male,46
1840,yes,no,2009,8,female,71
1841,yes,no,2010,2,male,76
1842,no,no,2010,10,male,40
1843,no,yes,2010,7,female,69
1844,no,yes,2010,7,male,43
1845,yes,yes,2010,5,female,78
1846,yes,yes,2010,9,male,52
1847,no,yes,2010,5,female,46
1848,yes,yes,2010,3,male,17
1849,yes,yes,2010,1,male,40
1850,no,yes,2010,2,male,36
1851,no,yes,2010,9,female,49
1852,yes,yes,2010,10,female,54
1853,no,yes,2010,10,female,55
1854,yes,yes,2010,7,female,64
1855,yes,yes,2010,12,male,61
1856,no,yes,2010,11,female,58
1857,yes,no,2011,10,female,75
1858,yes,no,2011,10,female,54
1859,yes,no,2010,8,female,90
1860,no,no,2009,6,female,71
1861,no,no,2010,9,female,35
1862,yes,no,2009,2,female,71
1863,no,no,2011,1,female,45
1864,yes,no,2010,5,female,57
1865,no,no,2009,7,male,54
1866,yes,no,2011,2,male,90
1867,yes,no,2011,6,female,76
1868,yes,no,2010,3,female,66
1869,no,no,2011,8,female,27
1870,no,no,2011,7,female,58
1871,yes,no,2010,10,female,71
1872,yes,no,2010,9,female,47
1873,yes,no,2010,4,male,80
1874,yes,no,2009,1,male,98
1875,no,no,2011,12,male,48
1876,no,no,2011,1,male,45
1877,no,no,2011,9,female,32
1878,yes,no,2010,9,female,59
1879,no,no,2011,11,female,37
1880,yes,no,2011,12,female,81
1881,no,no,2010,3,male,57
1882,yes,no,2009,9,male,63
1883,yes,no,2010,4,male,79
1884,yes,no,2010,2,male,75
1885,yes,no,2010,4,female,50
1886,yes,no,2009,3,male,76
1887,no,no,2009,9,female,61
1888,yes,no,2011,5,female,76
1889,yes,no,2011,11,female,60
1890,yes,no,2010,9,male,86
1891,yes,no,2011,3,male,78
1892,yes,no,2011,8,female,98
1893,yes,no,2010,7,male,48
1894,yes,no,2010,10,female,51
1895,yes,no,2009,10,female,75
1896,yes,no,2010,8,male,78
1897,yes,no,2010,11,female,48
1898,yes,no,2009,1,male,59
1899,yes,no,2010,10,male,63
1900,yes,no,2010,7,male,56
1901,no,no,2011,3,male,50
1902,yes,no,2010,7,male,72
1903,no,no,2009,12,male,72
1904,no,no,2010,10,female,34
1905,no,no,2011,6,male,42
1906,yes,no,2009,5,female,81
1907,yes,no,2011,6,male,15
1908,yes,no,2010,9,female,81
1909,yes,no,2010,1,male,30
1910,no,no,2009,10,male,53
1911,no,no,2010,5,male,17
1912,yes,no,2010,5,female,30
1913,yes,no,2011,1,female,79
1914,no,no,2010,3,male,48
1915,no,no,2011,8,male,36
1916,no,no,2011,9,female,22
1917,no,no,2010,8,male,61
1918,yes,no,2009,12,male,51
1919,no,no,2010,2,female,39
1920,yes,no,2011,9,male,48
1921,no,no,2009,11,male,27
1922,yes,no,2009,6,male,61
1923,yes,no,2011,9,male,58
1924,yes,no,2010,9,male,52
1925,yes,no,2011,2,male,75
1926,no,no,2011,5,female,23
1927,yes,no,2011,7,male,47
1928,no,no,2009,4,female,63
1929,yes,no,2010,5,male,72
1930,no,no,2011,10,male,49
1931,no,no,2010,6,female,68
1932,yes,no,2011,3,male,85
1933,yes,no,2010,5,male,29
1934,yes,no,2011,4,male,79
1935,yes,no,2011,6,male,63
1936,no,no,2010,2,female,35
1937,yes,no,2011,4,female,77
1938,yes,no,2010,9,male,45
1939,yes,no,2011,2,female,58
1940,yes,no,2009,3,male,53
1941,no,no,2010,10,male,25
1942,yes,no,2011,5,male,70
1943,yes,no,2011,4,female,31
1944,yes,no,2011,2,male,73
1945,yes,no,2011,11,male,60
1946,yes,no,2009,9,male,65
1947,yes,no,2010,4,male,13
1948,yes,no,2011,7,female,46
1949,yes,no,2011,12,female,86
1950,yes,no,2011,5,female,53
1951,yes,no,2011,3,female,49
1952,yes,no,2011,5,female,23
1953,yes,no,2011,2,female,17
1954,yes,no,2009,1,male,59
1955,no,no,2009,6,female,29
1956,yes,no,2009,5,male,80
1957,yes,no,2011,1,male,75
1958,yes,no,2011,3,male,72
1959,yes,no,2011,5,male,48
1960,no,no,2011,11,female,72
1961,yes,no,2009,6,female,43
1962,yes,no,2009,9,female,30
1963,yes,no,2010,5,male,52
1964,no,no,2009,9,female,26
1965,no,no,2009,5,male,25
1966,yes,no,2011,11,male,60
1967,yes,no,2010,9,male,56
1968,yes,no,2011,10,male,54
1969,yes,no,2009,12,female,88
1970,yes,no,2009,12,female,77
1971,yes,no,2009,8,female,79
1972,yes,no,2011,9,male,78
1973,yes,no,2011,2,male,55
1974,no,no,2009,8,female,65
1975,yes,no,2011,10,male,54
1976,yes,no,2009,6,female,62
1977,yes,no,2009,3,female,60
1978,yes,no,2011,3,female,71
1979,yes,no,2010,9,male,53
1980,yes,no,2010,4,female,86
1981,yes,no,2011,7,female,71
1982,yes,no,2011,11,male,19
1983,yes,no,2009,3,male,42
1984,yes,no,2010,1,male,74
1985,yes,no,2011,7,male,65
1986,no,no,2009,6,female,22
1987,yes,no,2011,5,female,24
1988,yes,no,2011,10,male,54
1989,no,no,2010,5,female,70
1990,no,no,2010,10,male,55
1991,no,no,2011,7,female,51
1992,no,no,2011,1,male,23
1993,no,no,2010,1,male,27
1994,no,no,2009,5,female,27
1995,no,no,2011,8,male,56
1996,yes,no,2010,9,female,26
1997,no,no,2010,9,male,38
1998,no,no,2010,4,male,52
1999,no,no,2010,8,male,40
2000,no,no,2009,7,female,23
2001,no,no,2009,10,female,22
2002,no,no,2010,3,female,25
2003,no,no,2011,6,female,37
2004,yes,no,2010,5,male,40
2005,no,no,2009,4,female,23
2006,no,no,2011,12,female,30
2007,no,no,2009,5,female,20
2008,no,no,2009,7,male,62
2009,no,no,2009,12,male,36
2010,no,no,2009,1,male,20
2011,no,no,2010,11,male,50
2012,no,no,2010,8,male,37
2013,no,no,2011,2,male,41
2014,no,no,2009,11,male,58
2015,no,no,2009,6,female,38
2016,no,no,2009,12,male,54
2017,no,no,2011,1,male,24
2018,yes,no,2009,3,female,84
2019,no,no,2009,5,male,67
2020,no,no,2009,6,female,14
2021,no,no,2010,8,female,57
2022,no,no,2009,1,female,64
2023,no,no,2011,10,female,57
2024,no,no,2010,8,female,58
2025,no,no,2009,9,male,52
2026,no,no,2011,9,male,27
2027,no,no,2009,5,female,76
2028,no,no,2010,3,female,37
2029,no,no,2011,7,female,25
2030,no,no,2009,1,female,26
2031,no,no,2009,12,female,80
2032,no,no,2009,10,male,56
2033,no,no,2011,7,female,58
2034,no,no,2010,11,male,40
2035,no,no,2009,9,male,42
2036,no,no,2010,12,female,70
2037,no,no,2009,9,male,21
2038,no,no,2011,7,male,28
2039,no,no,2009,8,male,57
2040,no,no,2011,4,male,31
2041,no,no,2009,9,male,47
2042,no,no,2011,7,female,25
2043,no,no,2010,9,female,40
2044,no,no,2009,9,female,17
2045,yes,no,2010,6,female,64
2046,no,no,2010,2,male,56
2047,no,no,2011,10,female,67
2048,no,no,2011,11,female,58
2049,no,no,2010,2,female,37
2050,no,no,2009,1,female,43
2051,no,no,2009,8,female,19
2052,yes,no,2011,10,male,72
2053,no,no,2010,5,male,27
2054,no,no,2011,2,female,24
2055,no,no,2010,9,male,46
2056,no,no,2010,8,male,67
2057,no,no,2010,6,male,47
2058,no,no,2009,12,female,23
2059,no,no,2010,2,male,69
2060,no,no,2010,2,male,52
2061,no,no,2009,4,male,27
2062,no,no,2010,9,female,42
2063,no,no,2011,10,female,43
2064,no,no,2010,9,female,45
2065,no,no,2009,5,female,32
2066,no,no,2010,6,female,41
2067,no,no,2009,5,male,35
2068,no,no,2011,2,female,50
2069,no,no,2011,9,female,24
2070,yes,no,2010,1,female,49
2071,no,no,2011,12,male,37
2072,no,no,2010,2,male,24
2073,yes,no,2009,6,female,85
2074,no,no,2011,7,female,26
2075,no,no,2011,3,male,46
2076,no,no,2010,1,female,69
2077,no,no,2011,11,female,32
2078,no,no,2009,5,male,69
2079,no,no,2010,9,male,38
2080,no,no,2009,5,male,67
2081,no,no,2009,8,female,40
2082,no,no,2009,2,female,52
2083,no,no,2011,10,male,67
2084,no,no,2011,5,female,88
2085,no,no,2011,1,male,48
2086,no,no,2011,8,male,66
2087,no,no,2011,1,female,37
2088,no,no,2010,5,male,21
2089,no,no,2009,3,female,80
2090,no,no,2011,10,female,28
2091,no,no,2010,4,male,24
2092,no,no,2009,9,male,44
2093,no,no,2009,6,female,43
2094,no,no,2011,4,female,22
2095,no,no,2011,6,male,33
2096,no,no,2010,6,male,41
2097,no,no,2009,9,male,58
2098,no,no,2011,6,female,50
2099,no,no,2010,2,male,20
2100,no,no,2009,3,female,68
2101,no,no,2011,10,male,57
2102,no,no,2011,2,female,62
2103,no,no,2010,6,male,33
2104,no,no,2010,10,female,18
2105,no,no,2009,4,female,40
2106,no,no,2009,5,female,40
2107,yes,yes,2010,7,male,48
2108,yes,yes,2010,11,male,65
2109,yes,yes,2010,1,male,41
2110,no,yes,2010,1,female,32
2111,no,yes,2010,6,female,45
2112,no,yes,2010,8,female,29
2113,no,yes,2010,1,male,32
2114,no,yes,2010,1,male,18
2115,yes,no,2010,8,male,66
2116,yes,no,2010,9,female,18
2117,yes,no,2011,10,female,62
2118,yes,no,2010,8,male,72
2119,yes,no,2009,9,female,77
2120,yes,no,2010,4,male,83
2121,yes,no,2010,2,male,73
2122,no,no,2011,1,female,69
2123,yes,no,2009,5,male,87
2124,no,no,2010,3,female,22
2125,no,no,2011,8,male,15
2126,no,no,2009,8,male,68
2127,yes,no,2010,7,male,52
2128,yes,no,2009,6,female,87
2129,no,no,2011,4,male,70
2130,yes,no,2011,2,male,61
2131,no,no,2011,10,male,52
2132,yes,no,2010,10,female,70
2133,no,no,2010,4,male,54
2134,no,no,2009,8,female,54
2135,no,no,2011,7,female,49
2136,no,no,2009,7,male,56
2137,yes,no,2010,7,male,80
2138,yes,no,2010,7,male,82
2139,yes,no,2010,10,male,58
2140,no,no,2009,2,female,21
2141,no,no,2011,12,female,42
2142,no,no,2010,9,female,60
2143,no,no,2010,5,male,18
2144,no,no,2009,2,male,83
2145,no,no,2010,7,male,72
2146,yes,no,2010,1,male,76
2147,no,no,2011,5,male,65
2148,yes,no,2011,12,male,48
2149,yes,no,2010,12,male,66
2150,no,no,2009,6,male,40
2151,yes,no,2011,7,male,87
2152,yes,no,2011,8,male,88
2153,no,no,2009,7,male,52
2154,no,no,2011,3,female,56
2155,yes,no,2011,12,female,75
2156,no,no,2011,10,female,37
2157,no,no,2009,1,male,28
2158,no,no,2010,7,female,40
2159,no,no,2009,3,male,84
2160,yes,no,2011,9,female,72
2161,no,no,2011,8,female,74
2162,no,no,2010,3,male,54
2163,no,no,2010,2,female,47
2164,yes,no,2011,10,male,69
2165,yes,no,2010,9,male,82
2166,yes,no,2009,2,female,82
2167,no,no,2011,6,male,28
2168,yes,no,2011,5,female,72
2169,no,no,2011,12,female,51
2170,no,no,2011,6,male,52
2171,yes,no,2010,3,male,76
2172,yes,no,2009,3,male,58
2173,yes,no,2010,7,male,62
2174,yes,no,2010,5,male,61
2175,yes,no,2009,6,male,57
2176,no,no,2010,9,female,84
2177,yes,no,2011,2,male,47
2178,yes,no,2011,10,male,84
2179,yes,no,2011,2,male,74
2180,yes,no,2011,2,female,85
2181,no,no,2009,4,male,80
2182,yes,no,2011,2,female,83
2183,no,no,2009,12,female,43
2184,yes,no,2011,7,female,65
2185,yes,no,2010,11,male,55
2186,yes,no,2011,10,female,56
2187,no,no,2009,5,male,74
2188,no,no,2010,3,female,36
2189,no,no,2011,7,male,49
2190,yes,no,2009,12,male,58
2191,no,no,2011,6,female,56
2192,no,no,2011,12,male,40
2193,yes,no,2011,3,male,78
2194,no,no,2009,12,male,14
2195,no,no,2010,10,male,61
2196,no,no,2010,11,male,59
2197,yes,no,2011,8,male,80
2198,no,no,2011,7,male,15
2199,yes,no,2011,11,male,55
2200,yes,no,2011,3,female,66
2201,yes,no,2011,9,male,62
2202,no,no,2011,8,female,39
2203,yes,no,2011,10,male,80
2204,yes,no,2009,2,male,88
2205,no,no,2011,1,female,45
2206,yes,no,2010,3,male,43
2207,yes,no,2011,2,female,58
2208,yes,no,2011,8,male,66
2209,yes,no,2009,12,male,66
2210,yes,no,2011,6,female,81
2211,yes,no,2010,8,male,72
2212,yes,no,2010,7,male,78
2213,yes,no,2009,7,male,41
2214,yes,no,2010,4,male,81
2215,no,no,2011,9,female,44
2216,yes,no,2011,3,female,70
2217,yes,no,2011,6,male,63
2218,no,no,2011,5,male,63
2219,yes,no,2009,5,female,41
2220,no,no,2010,11,male,19
2221,yes,no,2009,8,male,47
2222,no,no,2011,8,male,66
2223,yes,no,2010,1,female,55
2224,no,no,2009,6,male,38
2225,no,no,2010,8,female,41
2226,yes,no,2009,10,female,77
2227,yes,no,2011,6,male,66
2228,yes,no,2009,2,female,66
2229,yes,no,2009,10,male,78
2230,yes,no,2010,1,male,73
2231,yes,no,2009,9,female,84
2232,no,no,2010,2,female,47
2233,no,no,2011,6,male,32
2234,no,no,2011,10,female,39
2235,yes,no,2010,6,male,25
2236,no,no,2010,9,male,63
2237,yes,no,2009,9,female,48
2238,yes,no,2010,10,male,69
2239,no,no,2010,4,female,77
2240,no,no,2011,12,female,59
2241,yes,no,2011,8,female,26
2242,yes,no,2011,8,female,66
2243,yes,no,2010,1,male,46
2244,no,no,2011,5,female,39
2245,yes,no,2010,6,male,53
2246,no,no,2011,3,male,55
2247,no,no,2011,7,female,29
2248,no,no,2011,3,male,26
2249,no,no,2009,6,female,28
2250,yes,no,2011,4,female,91
2251,no,no,2011,2,male,50
2252,yes,no,2010,6,male,39
2253,yes,no,2010,6,female,40
2254,yes,no,2009,6,female,52
2255,no,no,2010,6,male,53
2256,no,no,2011,7,female,24
2257,yes,no,2011,7,male,66
2258,no,no,2010,11,male,55
2259,yes,no,2009,8,male,39
2260,yes,no,2011,9,female,58
2261,yes,no,2009,5,male,46
2262,no,no,2011,4,female,70
2263,no,no,2010,11,male,57
2264,yes,no,2010,3,male,59
2265,yes,no,2010,6,male,85
2266,yes,no,2010,7,male,65
2267,yes,no,2011,10,male,83
2268,no,no,2011,2,female,66
2269,no,no,2010,10,male,43
2270,no,no,2010,9,female,23
2271,no,no,2009,12,female,23
2272,yes,no,2011,1,male,73
2273,yes,no,2010,9,female,57
2274,yes,no,2010,2,male,74
2275,no,no,2011,2,male,35
2276,no,no,2011,11,female,58
2277,no,no,2010,6,female,60
2278,yes,no,2010,7,female,95
2279,no,no,2009,4,female,42
2280,no,no,2011,4,male,43
2281,yes,no,2010,3,male,83
2282,yes,no,2011,9,female,67
2283,no,no,2011,9,female,50
2284,yes,no,2011,2,female,26
2285,yes,no,2011,2,female,25
2286,yes,no,2011,7,male,52
2287,yes,no,2010,10,male,82
2288,yes,no,2009,2,male,61
2289,yes,no,2009,5,female,73
2290,no,no,2011,10,male,40
2291,no,no,2011,2,female,44
2292,no,no,2011,9,male,51
2293,yes,no,2009,2,female,62
2294,yes,no,2009,1,male,71
2295,yes,no,2009,3,female,81
2296,yes,no,2011,8,female,16
2297,no,no,2010,9,female,29
2298,yes,no,2009,1,female,73
2299,no,no,2011,8,male,49
2300,no,no,2011,7,male,70
2301,yes,no,2010,11,male,70
2302,yes,no,2010,10,male,63
2303,yes,no,2009,7,female,23
2304,no,no,2010,6,female,47
2305,yes,no,2011,6,female,63
2306,no,no,2009,7,male,33
2307,yes,no,2009,11,female,60
2308,yes,no,2011,2,male,63
2309,yes,no,2010,4,female,77
2310,yes,no,2009,4,male,83
2311,yes,no,2009,11,female,62
2312,no,no,2011,11,male,56
2313,yes,no,2009,10,male,53
2314,yes,no,2009,9,female,74
2315,yes,no,2009,6,female,34
2316,yes,no,2009,9,male,79
2317,yes,no,2009,2,female,54
2318,yes,no,2009,6,male,76
2319,yes,yes,2010,10,male,76
2320,no,yes,2009,2,female,36
2321,no,yes,2011,3,female,23
2322,yes,yes,2010,10,male,40
2323,yes,yes,2011,11,female,22
2324,yes,yes,2010,1,female,20
2325,no,yes,2011,10,male,33
2326,yes,yes,2011,1,female,78
2327,no,yes,2011,4,female,47
2328,no,yes,2010,8,female,44
2329,no,yes,2009,2,male,65
2330,yes,yes,2010,12,female,53
2331,yes,yes,2011,12,female,42
2332,yes,yes,2011,4,female,65
2333,yes,yes,2010,6,female,77
2334,no,yes,2011,9,male,25
2335,no,yes,2010,5,female,22
2336,no,yes,2009,9,male,14
2337,yes,yes,2009,10,male,54
2338,no,yes,2009,4,female,85
2339,no,yes,2011,1,male,25
2340,yes,yes,2009,9,male,56
2341,no,yes,2011,8,male,68
2342,no,yes,2010,2,female,84
2343,no,yes,2011,8,female,31
2344,no,yes,2010,2,male,50
2345,yes,yes,2009,4,male,49
2346,no,yes,2009,4,female,33
2347,no,yes,2010,7,female,41
2348,no,yes,2011,4,male,19
2349,yes,yes,2010,1,female,57
2350,no,yes,2009,4,female,16
2351,yes,yes,2010,2,female,75
2352,yes,yes,2011,8,female,74
2353,no,yes,2011,6,female,43
2354,no,yes,2011,6,male,33
2355,yes,yes,2011,5,male,79
2356,no,yes,2009,1,male,56
2357,yes,yes,2010,10,male,32
2358,no,yes,2010,11,female,39
2359,no,yes,2011,5,male,56
2360,no,yes,2009,7,female,17
2361,yes,yes,2010,12,female,46
2362,no,yes,2009,7,male,19
2363,no,yes,2011,4,female,47
2364,no,yes,2009,7,female,48
2365,no,yes,2009,8,male,38
2366,yes,yes,2011,2,male,63
2367,no,yes,2011,11,female,43
2368,no,yes,2009,5,female,49
2369,no,yes,2009,7,male,60
2370,no,yes,2009,9,female,57
2371,no,yes,2009,8,female,20
2372,no,yes,2011,10,female,43
2373,no,no,2011,8,female,23
2374,yes,no,2011,9,female,22
2375,yes,no,2009,3,male,56
2376,yes,no,2009,7,female,62
2377,no,no,2011,12,female,21
2378,no,no,2010,2,male,40
2379,yes,no,2010,11,female,81
2380,yes,no,2009,3,female,84
2381,no,no,2011,11,male,83
2382,no,no,2009,7,female,28
2383,yes,no,2011,2,female,80
2384,no,no,2010,1,female,30
2385,no,no,2009,2,male,60
2386,no,no,2010,2,female,31
2387,no,no,2011,7,female,23
2388,no,no,2011,9,female,56
2389,yes,no,2010,8,male,44
2390,no,no,2009,5,female,28
2391,yes,no,2011,4,female,59
2392,no,no,2011,5,female,41
2393,yes,no,2011,5,female,58
2394,yes,no,2011,11,male,60
2395,yes,no,2010,7,male,68
2396,no,no,2011,4,female,33
2397,yes,no,2009,5,female,84
2398,yes,no,2011,3,male,41
2399,yes,no,2011,6,male,56
2400,yes,no,2011,5,male,55
2401,yes,no,2011,10,male,34
2402,yes,no,2009,10,female,75
2403,yes,no,2010,3,female,63
2404,no,no,2010,8,female,66
2405,no,no,2009,7,male,49
2406,yes,no,2011,8,female,21
2407,no,no,2010,7,female,42
2408,yes,no,2011,9,male,68
2409,yes,no,2010,8,male,40
2410,yes,no,2011,9,male,79
2411,no,no,2009,12,male,58
2412,no,no,2011,9,male,47
2413,yes,no,2009,3,female,51
2414,yes,no,2010,3,female,44
2415,yes,no,2011,11,female,52
2416,no,no,2010,8,male,30
2417,yes,no,2010,1,male,65
2418,yes,no,2009,10,male,14
2419,yes,no,2011,4,male,63
2420,yes,no,2011,5,male,55
2421,yes,no,2011,8,male,83
2422,no,no,2011,1,male,42
2423,yes,no,2009,1,male,64
2424,yes,no,2009,5,female,51
2425,yes,no,2011,3,female,75
2426,no,no,2011,11,male,50
2427,no,no,2011,10,female,51
2428,no,no,2010,11,female,50
2429,yes,no,2011,7,male,70
2430,no,no,2009,1,male,40
2431,yes,no,2010,8,male,68
2432,yes,no,2011,1,female,68
2433,yes,no,2010,10,female,54
2434,yes,no,2010,6,female,53
2435,no,no,2009,7,female,37
2436,no,no,2009,8,female,55
2437,no,no,2011,11,male,35
2438,yes,no,2009,12,male,88
2439,yes,no,2009,5,male,72
2440,yes,no,2009,9,female,69
2441,no,no,2011,10,male,31
2442,yes,no,2011,11,male,56
2443,yes,no,2009,4,male,39
2444,yes,no,2009,6,male,80
2445,yes,no,2009,5,female,49
2446,yes,no,2011,12,male,56
2447,yes,no,2009,1,female,80
2448,no,no,2009,10,female,30
2449,no,no,2010,8,female,80
2450,yes,no,2010,10,male,68
2451,yes,no,2010,4,female,46
2452,no,no,2009,1,male,57
2453,yes,no,2010,7,female,73
2454,yes,no,2009,9,male,65
2455,yes,no,2009,3,female,70
2456,no,no,2010,4,female,62
2457,yes,no,2010,12,female,85
2458,no,no,2010,6,female,36
2459,yes,no,2009,3,female,39
2460,yes,no,2011,10,female,62
2461,yes,no,2009,12,female,52
2462,no,no,2009,5,male,60
2463,no,no,2011,3,female,26
2464,yes,no,2009,9,female,70
2465,yes,no,2009,7,male,41
2466,yes,no,2009,5,male,85
2467,no,no,2009,7,female,21
2468,yes,no,2009,9,female,61
2469,no,no,2009,12,female,40
2470,yes,no,2009,9,female,54
2471,no,no,2009,9,male,45
2472,yes,no,2010,2,male,54
2473,yes,no,2011,12,female,80
2474,no,no,2011,5,female,26
2475,yes,no,2011,12,male,39
2476,no,no,2010,4,male,29
2477,no,no,2011,12,male,40
2478,no,no,2011,6,female,47
2479,yes,no,2010,9,female,64
2480,no,no,2011,4,male,31
2481,yes,no,2010,2,female,44
2482,yes,no,2011,10,male,87
2483,yes,no,2009,3,male,20
2484,yes,no,2011,6,female,43
2485,yes,no,2009,5,female,86
2486,yes,no,2009,9,female,37
2487,no,no,2011,9,female,23
2488,yes,no,2011,12,female,55
2489,yes,no,2011,6,male,75
2490,yes,no,2010,11,female,83
2491,no,unknown,2010,3,female,24
2492,no,unknown,2011,6,female,58
2493,no,unknown,2011,7,male,36
2494,no,unknown,2011,4,female,26
2495,no,unknown,2011,5,male,79
2496,no,unknown,2009,2,female,59
2497,no,unknown,2010,7,female,32
2498,no,unknown,2011,7,male,24
2499,no,unknown,2009,1,female,67
2500,no,unknown,2011,9,female,26
2501,no,unknown,2010,11,male,26
2502,no,unknown,2010,10,male,55
2503,no,unknown,2011,5,female,43
2504,no,unknown,2009,10,female,70
2505,no,unknown,2009,6,male,50
2506,no,unknown,2010,5,male,48
2507,no,unknown,2010,7,female,59
2508,no,unknown,2010,6,male,66
2509,no,unknown,2011,8,male,63
2510,no,unknown,2011,5,male,63
2511,no,unknown,2010,6,male,36
2512,no,unknown,2011,7,male,65
2513,no,unknown,2009,2,female,37
2514,no,unknown,2010,1,male,22
2515,no,unknown,2011,2,female,36
2516,no,unknown,2011,4,male,25
2517,yes,unknown,2011,9,male,78
2518,no,unknown,2010,4,male,27
2519,no,unknown,2009,3,female,37
2520,no,unknown,2009,1,male,40
2521,no,unknown,2010,4,male,54
2522,no,unknown,2010,10,female,42
2523,no,unknown,2010,6,male,32
2524,no,unknown,2010,6,female,33
2525,no,unknown,2011,5,female,38
2526,no,unknown,2010,1,female,31
2527,no,unknown,2010,8,female,39
2528,no,unknown,2010,5,female,23
2529,no,unknown,2009,12,female,18
2530,no,unknown,2010,7,female,45
2531,no,unknown,2010,6,male,49
2532,no,unknown,2011,6,male,15
2533,no,unknown,2009,4,female,30
2534,no,unknown,2011,3,female,34
2535,no,unknown,2010,4,male,38
2536,no,unknown,2011,4,female,22
2537,no,unknown,2011,9,female,26
2538,no,unknown,2010,7,female,82
2539,no,unknown,2010,4,female,59
2540,no,unknown,2009,9,female,39
2541,no,unknown,2009,6,female,58
2542,yes,unknown,2009,3,female,65
2543,no,unknown,2009,11,female,24
2544,no,unknown,2011,7,female,19
2545,no,unknown,2010,5,male,23
2546,no,unknown,2009,2,female,24
2547,no,unknown,2009,8,female,20
2548,no,unknown,2010,7,male,41
2549,no,unknown,2010,5,male,40
2550,no,unknown,2010,10,male,40
2551,no,unknown,2009,4,female,20
2552,no,unknown,2010,5,male,46
2553,no,unknown,2010,5,female,60
2554,no,unknown,2011,3,female,20
2555,no,unknown,2010,7,male,51
2556,no,unknown,2010,2,male,46
2557,no,unknown,2010,6,female,23
2558,no,unknown,2011,1,female,21
2559,no,unknown,2010,6,male,33
2560,no,unknown,2010,7,female,25
2561,no,unknown,2011,9,male,30
2562,no,unknown,2010,3,male,31
2563,no,unknown,2011,9,male,50
2564,no,unknown,2010,11,female,43
2565,no,unknown,2011,8,female,30
2566,no,unknown,2011,6,male,23
2567,no,unknown,2010,7,male,28
2568,no,unknown,2011,6,male,35
2569,no,unknown,2011,9,female,22
2570,no,unknown,2010,8,female,50
2571,no,unknown,2010,7,female,44
