id,mpg
1,49.1
2,43.9
3,49.5
4,52.3
5,57.0
6,48.4
7,46.1
8,57.4
9,57.2
10,50.0
11,46.4
12,44.3
13,52.5
14,58.0
15,47.2
16,46.1
17,43.0
18,51.1
19,45.6
20,47.1
21,48.6
22,52.0
23,50.1
24,48.4
25,37.7
26,45.7
27,52.0
28,45.0
29,35.8
30,42.9
31,39.7
32,48.2
33,48.7
34,48.0
35,48.9
36,54.0
37,44.6
38,48.3
39,51.1
40,46.3
41,50.2
42,51.0
43,59.4
44,50.4
45,49.1
46,45.2
47,51.0
48,52.0
49,60.7
50,45.9
51,49.6
52,44.5
53,46.0
54,45.5
55,49.2
56,45.0
57,44.7
58,50.5
59,54.9
60,43.2
61,53.4
62,46.6
63,51.8
64,53.0
65,48.7
66,43.0
67,47.6
68,47.0
69,50.2
70,32.0
71,40.5
72,49.1
73,50.2
74,47.0
75,55.6
76,35.0
77,44.7
78,40.6
79,52.2
80,44.9
81,45.0
82,43.2
83,47.9
84,48.0
85,46.4
86,51.7
87,48.0
88,51.0
89,40.6
90,48.1
91,53.5
92,54.5
93,58.1
94,52.7
95,44.0
96,54.0
97,45.0
98,47.2
99,54.7
100,44.7
101,45.6
102,49.6
103,42.4
104,47.4
105,54.3
106,50.4
107,48.0
108,49.4
109,52.0
110,51.9
111,51.0
112,46.7
113,35.7
114,49.8
115,45.4
116,45.0
117,49.0
118,45.2
119,52.0
120,40.9
121,43.5
122,40.5
123,47.5
124,56.3
125,42.6
126,49.8
127,42.0
128,52.0
129,47.5
130,49.8
131,51.8
132,48.0
133,56.3
134,45.0
135,42.5
136,43.1
137,47.0
138,54.9
139,48.0
140,42.0
141,45.0
142,45.4
143,36.6
144,51.2
145,51.0
146,50.0
147,53.2
148,46.1
149,48.1
150,46.8
151,45.0
152,65.4
153,35.0
154,47.7
155,51.0
156,52.9
157,50.0
158,47.6
159,51.2
160,51.5
161,47.5
162,51.6
163,45.0
164,43.0
165,52.1
166,48.0
167,42.9
168,49.0
169,50.4
170,53.7
171,50.0
172,49.6
173,39.3
174,52.0
175,53.3
176,46.2
177,48.8
178,52.0
179,50.5
180,43.3
181,49.7
182,48.0
183,54.8
184,48.5
185,50.2
186,43.8
187,44.2
188,44.5
189,51.1
190,55.5
191,50.0
192,46.4
193,50.8
194,42.0
195,48.9
196,44.0
197,52.0
198,48.1
199,45.5
200,47.4
201,42.0
202,46.2
203,47.0
204,43.9
